SiteID,Lat,Lon,1990,1991,1992,1993,1994,1995,1996,1997,1998,1999,2000,2001,2002,2003,2004,2005,2006,2007,2008,2009,2010,2011,2012,2013,2014,2015,2016,2017
38201,49.1814,13.1866,1050.00,1017.92,985.86,953.84,921.84,889.88,885.29,880.70,876.11,871.53,866.96,844.70,819.42,719.71,748.01,828.82,768.96,824.12,785.80,787.44,720.61,731.70,756.17,756.26,700.74,750.57,733.84,865.45
38202,49.1654,13.2003,1034.44,1002.51,970.62,938.79,907.01,875.27,870.45,865.64,860.84,856.04,851.25,819.49,791.35,704.92,727.69,805.64,755.00,803.17,767.70,765.88,703.94,717.88,742.01,742.24,679.58,734.50,714.97,845.70
38203,48.7778,13.8677,817.09,786.57,756.29,726.24,696.43,666.86,660.50,654.17,647.87,641.61,635.37,613.31,569.88,616.96,592.26,619.50,602.66,611.08,615.11,617.62,586.53,561.70,615.05,590.71,581.45,607.34,601.16,678.85
38204,49.0757,13.4014,892.69,861.51,830.47,799.57,768.83,738.23,732.57,726.94,721.32,715.72,710.15,657.11,639.70,612.77,613.07,652.12,649.70,675.69,629.82,631.71,598.36,587.25,644.11,649.51,574.85,628.46,612.97,684.33
38205,49.1118,13.3293,923.73,892.84,862.06,831.41,800.89,770.48,765.08,759.70,754.34,748.99,743.66,701.36,670.16,626.68,634.39,692.85,676.00,696.47,667.15,660.30,623.64,624.24,668.28,673.97,593.92,653.18,634.97,724.98
38206,48.9348,13.6533,787.48,758.23,729.20,700.39,671.80,643.43,637.39,631.38,625.39,619.44,613.51,579.92,570.76,602.45,553.26,603.16,584.61,604.82,577.66,560.13,567.79,541.80,588.59,599.02,537.05,575.34,560.72,637.78
38207,50.0344,12.6694,883.65,860.10,836.52,812.92,789.28,765.62,761.53,757.42,753.32,749.21,745.09,721.68,757.14,663.53,617.42,678.66,658.35,649.15,643.18,637.44,667.48,626.53,689.71,628.97,636.09,669.45,638.79,691.49
38208,50.8167,15.1333,1007.82,984.39,960.90,937.33,913.69,889.98,887.87,885.75,883.62,881.49,879.34,864.43,787.71,657.30,770.99,816.28,765.03,797.06,756.09,713.20,708.71,647.84,802.56,676.31,693.13,759.17,748.28,826.35
23540,58.1450,26.9770,432.49,403.32,374.11,344.85,315.55,286.19,278.26,270.31,262.35,254.38,246.40,276.87,224.51,253.51,263.17,229.62,247.76,265.71,277.05,248.25,278.26,241.55,280.21,240.10,273.89,282.41,233.02,235.25
38209,60.7054,27.9181,323.34,305.51,287.67,269.83,251.99,234.15,227.65,221.14,214.63,208.12,201.61,190.67,170.56,166.29,180.88,178.19,157.87,195.78,219.48,151.23,208.94,196.29,203.21,198.71,198.27,186.31,166.18,178.81
38221,60.6981,27.1471,319.09,302.74,286.37,269.99,253.60,237.20,232.08,226.95,221.82,216.69,211.55,213.33,185.35,174.48,203.23,206.29,178.07,222.76,237.74,162.26,210.00,220.71,234.53,214.39,217.39,210.24,186.75,214.21
38214,61.2944,26.4147,209.41,199.74,190.07,180.40,170.73,161.06,158.26,155.47,152.67,149.87,147.07,154.34,142.76,135.98,130.02,147.20,154.02,139.27,164.54,128.17,159.95,144.10,175.35,146.79,142.76,146.64,140.40,147.37
38217,61.2423,25.0634,228.26,218.45,208.62,198.77,188.90,179.01,176.45,173.89,171.33,168.76,166.19,160.86,143.45,153.50,146.26,151.88,157.43,155.51,181.65,144.35,184.50,158.99,185.76,171.98,155.31,147.97,146.26,151.95
36463,60.8426,13.1195,164.88,160.36,155.83,151.29,146.73,142.15,140.47,138.78,137.09,135.38,133.68,93.69,100.28,111.84,98.79,116.20,114.06,85.98,92.81,94.80,119.23,140.33,99.40,75.43,123.50,110.09,115.88,95.53
23597,61.6379,17.0864,322.65,311.98,301.21,290.33,279.34,268.25,265.43,262.58,259.69,256.77,253.82,192.33,200.81,171.49,164.21,168.88,209.11,151.74,189.23,195.02,197.32,193.44,187.24,142.54,184.31,174.62,183.32,167.70
36459,62.2594,16.2680,122.25,118.74,115.23,111.71,108.19,104.66,103.64,102.62,101.60,100.57,99.55,73.39,89.22,65.72,62.92,78.67,74.08,52.22,63.14,76.94,94.29,81.73,62.44,48.56,83.18,72.42,65.08,69.84
38222,61.6127,25.1221,218.06,208.48,198.88,189.27,179.64,170.00,167.26,164.52,161.78,159.03,156.27,159.45,131.64,129.66,127.87,132.47,133.78,148.97,168.29,139.25,166.16,155.15,168.59,145.70,132.42,134.50,134.26,134.83
38227,62.3810,25.4449,199.92,191.71,183.47,175.20,166.90,158.58,156.35,154.12,151.87,149.62,147.36,147.58,145.81,121.78,124.03,124.23,129.68,117.78,142.32,119.65,163.96,139.05,160.44,120.38,130.23,120.72,118.41,123.70
38219,60.1677,23.5702,386.15,367.53,348.91,330.30,311.68,293.07,288.40,283.73,279.06,274.39,269.72,248.21,223.39,235.29,218.68,227.11,236.06,238.12,264.84,209.05,269.58,255.36,263.04,249.45,229.09,242.38,203.11,210.35
38212,59.9634,23.3158,435.08,412.59,390.10,367.62,345.15,322.69,316.27,309.86,303.45,297.04,290.63,259.52,272.85,244.64,223.33,226.84,257.02,232.67,277.45,211.73,251.10,259.43,270.80,259.62,224.22,242.14,191.17,212.76
38215,63.1615,30.7103,141.55,135.16,128.79,122.44,116.11,109.80,107.84,105.88,103.93,101.98,100.04,95.59,74.13,90.12,80.52,90.25,102.33,89.29,89.58,72.64,124.38,87.54,90.90,82.92,107.55,101.69,86.08,93.05
38228,63.1638,30.6929,141.72,135.32,128.94,122.59,116.25,109.94,107.98,106.03,104.08,102.14,100.21,96.36,74.43,90.24,80.80,90.15,102.41,89.50,89.99,73.15,124.92,87.92,91.39,83.04,107.79,101.68,86.17,93.17
38272,63.3004,8.7765,67.95,67.70,67.45,67.20,66.95,66.69,66.26,65.84,65.41,64.98,64.55,80.44,98.73,117.52,76.61,92.67,101.91,74.32,72.82,100.63,74.96,97.32,89.60,71.38,72.86,90.12,87.81,77.51
38355,61.0867,16.9493,214.08,208.20,202.29,196.36,190.41,184.42,182.97,181.50,180.03,178.55,177.06,126.81,133.65,127.30,126.28,112.81,155.39,108.43,116.22,146.74,159.68,134.86,121.76,97.38,128.03,114.20,132.41,101.37
38213,63.6565,29.9466,456.94,440.26,423.34,406.19,388.81,371.19,368.15,365.05,361.88,358.66,355.37,302.11,264.56,318.23,331.87,292.55,315.69,346.05,331.29,379.31,412.21,421.12,430.03,405.46,443.79,482.13,451.95,457.90
38229,63.7268,28.2352,134.89,129.39,123.90,118.44,113.00,107.59,106.28,104.97,103.67,102.37,101.08,81.64,80.50,87.63,82.51,96.42,83.12,86.53,83.37,74.29,131.52,83.32,98.75,71.25,95.32,92.60,83.53,79.00
38226,62.1662,22.0038,240.82,232.00,223.18,214.36,205.54,196.73,195.23,193.73,192.23,190.74,189.24,141.46,114.36,144.47,122.44,154.79,126.33,118.95,138.32,128.65,149.35,161.67,137.44,125.24,144.60,128.05,120.97,111.39
38391,61.6428,16.5753,187.80,181.75,175.66,169.55,163.41,157.24,155.42,153.58,151.74,149.89,148.03,107.55,121.46,101.75,101.47,109.58,122.07,84.77,105.21,124.27,140.35,127.28,98.58,77.79,117.21,104.15,118.72,96.88
38348,59.8056,17.9040,332.60,324.06,315.50,306.92,298.32,289.70,287.70,285.70,283.69,281.68,279.66,217.87,189.13,215.83,192.94,200.02,210.18,181.35,209.31,211.06,217.56,238.05,241.91,188.25,224.61,220.85,200.12,181.38
38291,63.8996,10.1543,91.11,90.02,88.94,87.86,86.78,85.70,84.84,83.98,83.13,82.27,81.42,96.33,129.81,181.40,93.93,124.02,134.86,111.86,91.99,109.42,89.62,145.35,111.08,96.05,93.72,113.49,92.54,94.52
38220,60.3014,24.6160,700.02,668.11,635.88,603.33,570.46,537.27,530.42,523.49,516.47,509.37,502.19,469.83,396.44,430.25,465.81,442.58,473.94,483.02,522.66,438.23,486.94,476.90,477.40,462.18,478.20,489.80,408.33,444.53
38216,60.3444,24.5990,596.90,569.84,542.56,515.04,487.30,459.33,453.56,447.73,441.84,435.90,429.90,402.45,339.48,369.48,393.90,378.71,400.63,415.22,451.59,372.97,423.42,406.01,412.01,400.56,410.22,422.48,347.92,385.01
38225,62.0178,23.9304,215.38,206.44,197.49,188.52,179.54,170.55,168.25,165.94,163.63,161.31,158.99,151.98,131.53,130.45,115.95,131.31,129.95,122.47,139.80,132.84,168.11,151.58,164.86,127.56,134.65,127.02,125.69,118.22
38223,61.7991,24.2811,238.87,228.93,218.97,208.99,198.99,188.96,186.43,183.90,181.36,178.81,176.26,154.34,140.59,141.45,136.84,145.29,150.36,141.95,161.24,148.71,180.48,177.73,172.53,143.94,146.30,137.37,143.51,132.11
38224,61.8102,24.2072,236.36,226.51,216.65,206.77,196.86,186.94,184.43,181.92,179.40,176.87,174.34,152.18,141.17,139.88,135.32,145.67,149.59,137.14,158.60,147.03,181.10,174.30,169.81,139.88,144.56,134.51,140.85,132.30
23505,48.7502,8.4503,803.09,789.28,775.54,761.86,748.26,734.73,731.12,727.52,723.93,720.34,716.77,692.46,768.75,702.33,718.17,824.40,723.29,771.05,672.59,707.48,746.33,694.34,653.21,693.12,671.56,666.93,673.84,693.39
23506,50.0850,11.8245,1065.69,1047.96,1030.21,1012.45,994.67,976.89,973.10,969.31,965.52,961.72,957.92,923.65,953.02,827.24,835.54,856.74,887.12,888.00,866.02,859.22,909.28,860.24,875.28,851.39,868.94,868.80,888.49,966.48
23507,50.9878,8.2013,1073.00,1055.35,1037.73,1020.13,1002.55,984.99,978.89,972.80,966.72,960.64,954.57,877.16,902.53,839.00,893.05,903.91,881.10,919.50,787.26,899.63,825.87,769.17,837.85,807.39,848.56,806.57,778.72,876.99
23508,51.1173,12.7575,910.90,905.52,900.16,894.80,889.44,884.09,882.50,880.92,879.33,877.75,876.17,913.03,889.48,729.78,796.43,819.75,810.96,822.81,791.73,825.29,871.87,754.47,801.75,829.22,827.35,794.04,864.97,914.49
23509,47.8785,8.0570,842.94,830.09,817.29,804.54,791.83,779.17,777.23,775.29,773.36,771.42,769.49,740.50,750.08,749.01,754.80,722.66,750.24,756.01,677.14,747.10,705.61,697.79,728.79,721.05,731.03,730.47,728.45,695.71
23510,49.9240,7.6192,743.79,736.19,728.60,721.02,713.46,705.91,704.99,704.07,703.16,702.24,701.32,663.33,684.34,630.23,636.55,663.94,642.33,650.06,605.21,666.87,662.44,590.12,653.47,631.28,647.61,626.57,623.84,643.19
23511,50.4097,12.5335,1094.90,1070.71,1046.54,1022.38,998.23,974.10,970.42,966.75,963.07,959.40,955.73,885.65,921.18,778.81,778.87,840.73,832.64,804.91,805.73,801.74,772.82,720.02,814.38,745.72,741.91,769.34,775.88,876.76
23512,48.9347,13.4085,877.14,846.87,816.82,787.00,757.41,728.04,721.32,714.63,707.97,701.34,694.74,632.31,610.86,643.13,634.65,632.42,651.87,679.35,622.93,636.44,590.33,596.74,641.74,611.85,585.43,606.18,597.31,711.59
23513,51.4258,12.9233,965.61,950.00,934.40,918.79,903.19,887.59,882.73,877.88,873.03,868.18,863.33,945.33,862.71,721.15,814.79,815.48,780.03,797.32,783.28,844.89,847.66,796.20,814.10,852.71,851.22,845.93,873.16,911.99
23514,48.9385,13.4085,875.62,845.30,815.20,785.33,755.68,726.26,719.54,712.85,706.20,699.57,692.97,629.79,608.95,640.76,631.83,630.11,649.93,677.46,620.60,633.97,588.61,594.93,640.46,611.06,583.03,604.95,595.59,709.01
23516,51.8550,10.4210,991.67,991.58,991.48,991.38,991.29,991.19,989.50,987.81,986.11,984.41,982.71,1026.81,1010.61,810.73,924.45,931.35,940.20,989.11,872.88,936.19,911.84,826.48,885.52,862.04,896.95,954.06,894.61,1135.34
23517,50.7075,13.1522,1054.34,1040.00,1025.64,1011.27,996.88,982.46,980.44,978.41,976.38,974.34,972.31,995.65,995.64,830.05,855.71,986.04,941.39,949.89,962.10,953.88,898.59,812.53,895.87,874.83,893.72,839.32,894.51,983.17
23518,51.2873,9.7372,959.60,957.85,956.11,954.36,952.61,950.87,949.09,947.32,945.55,943.77,942.00,884.30,870.63,787.16,815.37,823.61,845.22,879.79,802.82,908.62,833.65,762.87,794.24,864.86,850.77,814.70,805.31,926.84
23519,51.3020,9.6183,1071.98,1068.70,1065.42,1062.13,1058.84,1055.55,1053.81,1052.07,1050.33,1048.59,1046.85,995.22,972.92,878.79,920.45,933.22,954.52,975.79,892.53,1005.10,911.11,863.50,908.38,966.05,952.91,917.12,911.47,1048.02
23520,53.6347,10.7378,1099.48,1095.75,1092.02,1088.27,1084.52,1080.75,1080.63,1080.51,1080.39,1080.26,1080.13,1221.81,1106.03,981.54,1079.21,1027.01,1106.62,1048.17,1087.62,1044.07,1075.49,1158.96,1139.91,1036.18,1157.88,1267.94,1222.08,1283.50
23521,48.9715,13.4030,864.34,833.58,803.05,772.76,742.69,712.86,706.14,699.45,692.80,686.18,679.59,609.42,592.87,620.43,609.26,610.63,634.35,662.86,601.37,614.02,574.09,580.44,630.24,604.14,562.83,594.58,581.45,688.23
23522,50.0412,11.9008,1014.28,996.63,978.97,961.31,943.65,925.98,921.95,917.91,913.88,909.85,905.81,867.13,902.43,787.49,792.97,805.99,830.97,824.06,817.65,802.83,866.65,824.30,838.31,818.26,825.60,830.97,844.47,909.21
23523,50.2063,8.4362,883.45,867.25,851.10,835.01,818.96,802.97,798.24,793.52,788.81,784.11,779.43,699.67,725.74,693.88,676.51,709.98,689.35,675.88,631.83,717.31,696.32,664.68,723.23,671.65,715.92,693.50,684.55,708.78
23524,50.2048,8.4362,884.16,867.81,851.52,835.28,819.09,802.96,798.20,793.45,788.71,783.98,779.27,699.68,725.58,693.72,676.51,710.06,689.37,675.70,631.61,717.09,696.54,664.36,723.10,671.41,715.83,693.31,684.59,708.56
23525,50.6172,13.1912,989.93,970.74,951.56,932.37,913.20,894.02,890.17,886.33,882.48,878.64,874.80,884.33,895.30,772.80,758.46,857.18,845.40,824.37,839.74,818.91,827.46,761.89,841.17,807.65,823.27,768.05,797.24,879.19
23526,49.6553,8.8870,1216.40,1183.82,1151.27,1118.73,1086.21,1053.71,1047.39,1041.07,1034.75,1028.44,1022.12,937.78,963.49,835.88,919.61,937.04,905.11,879.51,885.41,869.68,906.93,840.58,883.47,870.14,909.59,899.45,862.69,926.14
23527,48.9397,13.4053,876.16,845.84,815.74,785.88,756.23,726.82,720.09,713.40,706.73,700.10,693.49,629.79,608.64,640.10,631.95,629.67,649.94,677.87,620.23,634.03,588.28,594.93,640.54,610.80,582.57,604.75,595.47,709.06
23528,50.4872,12.6412,1150.95,1129.43,1107.89,1086.33,1064.76,1043.17,1041.97,1040.77,1039.57,1038.37,1037.16,991.95,1050.66,863.10,861.15,932.83,913.14,897.38,891.92,896.42,823.04,736.16,825.87,790.49,773.70,774.95,800.42,899.43
23529,50.8350,14.1250,1022.74,995.54,968.35,941.16,913.97,886.78,881.52,876.26,870.99,865.73,860.47,875.43,800.52,701.79,765.17,803.57,797.22,710.05,770.19,798.81,779.40,688.21,758.34,733.31,746.19,740.63,803.44,810.12
23530,49.7187,7.1098,859.08,851.19,843.29,835.38,827.46,819.53,821.42,823.31,825.20,827.09,828.99,760.86,785.88,735.39,752.63,730.96,770.18,751.20,720.97,781.75,741.09,679.85,754.97,711.09,735.26,735.08,702.94,752.02
23531,48.9358,13.4085,876.68,846.39,816.33,786.49,756.88,727.50,720.78,714.09,707.43,700.80,694.20,631.54,610.28,642.41,633.79,631.72,651.28,678.78,622.22,635.69,589.80,596.19,641.35,611.61,584.70,605.81,596.79,710.80
23532,49.7692,12.4213,1120.61,1094.35,1068.01,1041.57,1015.05,988.44,983.40,978.34,973.26,968.16,963.04,908.71,954.68,795.29,814.31,871.69,867.12,865.06,877.44,854.82,857.03,833.70,875.22,863.05,858.55,873.82,886.61,983.33
23533,49.7890,12.4242,1134.45,1108.00,1081.45,1054.80,1028.06,1001.22,996.29,991.35,986.38,981.40,976.39,922.80,976.24,800.63,828.99,883.26,879.00,877.98,892.50,871.05,869.67,846.15,889.02,880.22,876.16,889.01,900.87,1000.68
23534,50.7220,13.7062,881.65,857.29,833.01,808.81,784.69,760.64,754.27,747.90,741.56,735.23,728.92,731.07,737.10,642.91,651.69,658.36,702.13,638.48,690.74,703.67,705.80,621.60,676.39,655.29,691.86,669.07,717.33,710.84
23535,50.3190,12.1368,1024.18,1001.86,979.58,957.32,935.09,912.89,907.92,902.94,897.98,893.02,888.06,898.00,895.86,776.64,774.79,831.89,826.78,804.59,800.74,815.96,843.12,758.71,811.14,814.31,783.49,807.82,818.18,891.53
23536,51.0012,8.2033,1083.88,1066.22,1048.58,1030.95,1013.34,995.75,989.65,983.55,977.46,971.38,965.30,887.50,911.69,848.19,904.60,914.34,891.43,931.52,795.70,910.39,837.24,779.54,845.91,817.77,862.13,816.08,787.73,888.46
23537,50.0053,11.9008,1015.25,998.14,981.02,963.88,946.74,929.58,925.67,921.75,917.83,913.91,909.99,865.57,908.17,788.86,797.89,803.56,833.56,826.58,822.22,801.62,865.89,833.39,842.88,824.66,830.14,832.33,845.94,909.13
23538,50.2056,8.4331,883.06,866.85,850.69,834.59,818.54,802.54,797.82,793.10,788.40,783.70,779.02,698.82,725.39,693.64,676.28,709.84,689.13,675.84,631.88,717.07,696.16,664.70,722.81,671.28,715.94,693.14,684.52,708.83
23515,48.4198,8.3588,870.64,851.23,831.90,812.66,793.49,774.41,770.36,766.32,762.29,758.28,754.27,762.46,755.03,738.42,742.87,764.97,771.31,786.97,711.65,728.68,712.30,723.43,688.30,709.13,710.88,741.76,698.35,683.02
23539,49.6564,8.8889,1216.80,1184.12,1151.46,1118.82,1086.20,1053.59,1047.24,1040.90,1034.56,1028.22,1021.89,937.56,963.38,835.58,919.27,936.94,904.42,878.85,885.09,869.33,906.63,840.38,882.91,870.18,909.24,898.67,862.30,925.45
23552,53.0000,-6.3500,467.60,471.08,474.55,478.03,481.50,484.97,487.14,489.31,491.47,493.64,495.80,542.05,527.80,493.65,468.40,473.80,482.30,416.95,479.05,446.90,413.65,445.95,485.30,448.45,512.25,424.85,488.80,498.85
23553,53.0000,-6.3833,465.30,468.75,472.20,475.64,479.08,482.52,484.59,486.66,488.73,490.80,492.87,533.55,520.47,490.82,461.60,467.33,478.43,418.52,477.75,441.50,405.48,441.98,481.23,441.42,502.08,424.68,488.33,498.75
23554,53.0000,-6.3500,467.60,471.08,474.55,478.03,481.50,484.97,487.14,489.31,491.47,493.64,495.80,542.05,527.80,493.65,468.40,473.80,482.30,416.95,479.05,446.90,413.65,445.95,485.30,448.45,512.25,424.85,488.80,498.85
23555,53.0000,-6.3500,467.60,471.08,474.55,478.03,481.50,484.97,487.14,489.31,491.47,493.64,495.80,542.05,527.80,493.65,468.40,473.80,482.30,416.95,479.05,446.90,413.65,445.95,485.30,448.45,512.25,424.85,488.80,498.85
23556,53.4774,-9.5410,267.43,269.82,272.19,274.54,276.86,279.17,279.29,279.41,279.53,279.63,279.73,233.83,266.66,299.87,220.42,251.04,251.19,225.12,276.98,246.37,203.91,229.18,261.61,265.08,268.17,226.68,278.78,235.33
23557,53.4667,-9.5333,266.59,268.94,271.27,273.58,275.86,278.13,278.23,278.32,278.41,278.49,278.57,233.72,266.82,301.31,219.68,251.17,252.47,225.44,276.33,247.30,204.54,230.52,262.79,265.91,268.10,227.23,279.17,235.96
23558,53.4833,-9.5333,269.56,271.99,274.39,276.78,279.14,281.48,281.62,281.74,281.86,281.98,282.08,236.29,268.84,302.29,223.37,253.67,253.47,227.24,280.27,247.75,206.06,230.69,263.68,267.61,271.00,229.18,281.17,237.49
23559,55.0475,-7.9536,308.33,310.62,312.90,315.18,317.44,319.69,321.41,323.12,324.82,326.52,328.21,269.13,286.54,355.05,255.21,278.87,292.80,230.52,281.19,286.81,237.36,282.23,260.72,283.56,336.57,268.35,298.96,251.09
23560,55.1333,-7.7000,348.27,353.16,358.06,362.98,367.91,372.86,378.28,383.72,389.18,394.65,400.14,348.64,382.20,427.17,326.84,350.10,384.37,294.24,345.07,382.34,318.17,359.37,318.87,346.27,405.00,346.84,378.17,343.24
23561,55.1333,-7.7000,348.27,353.16,358.06,362.98,367.91,372.86,378.28,383.72,389.18,394.65,400.14,348.64,382.20,427.17,326.84,350.10,384.37,294.24,345.07,382.34,318.17,359.37,318.87,346.27,405.00,346.84,378.17,343.24
38553,54.9557,-8.1040,290.51,292.57,294.61,296.64,298.64,300.63,301.67,302.69,303.70,304.69,305.67,235.09,245.09,317.92,219.02,243.17,253.97,202.88,259.27,236.53,198.22,242.48,231.36,253.56,311.67,230.05,269.24,214.79
38554,53.4377,-9.4543,268.40,270.58,272.74,274.88,276.99,279.08,278.97,278.87,278.75,278.63,278.50,234.78,266.63,311.35,219.01,256.42,257.42,227.93,276.58,250.95,206.45,235.82,272.49,272.50,273.78,229.62,281.62,237.95
38555,52.2060,-10.0523,218.27,220.13,221.95,223.73,225.47,227.18,226.86,226.53,226.18,225.82,225.44,194.99,180.67,233.43,154.17,199.38,177.73,183.15,203.18,200.56,186.26,181.55,242.45,198.58,209.98,170.93,213.23,185.03
38556,53.0693,-6.2792,459.57,462.32,465.07,467.82,470.56,473.31,475.20,477.08,478.97,480.86,482.74,556.25,517.87,495.77,476.70,488.86,480.66,411.87,470.76,455.35,438.52,444.01,478.07,459.05,518.78,410.77,490.32,483.69
38557,52.7928,-9.3049,439.50,445.35,451.19,457.03,462.87,468.70,470.28,471.85,473.43,475.00,476.57,398.62,428.05,474.76,381.47,425.60,414.07,394.63,416.34,413.83,359.59,392.48,434.88,398.39,447.30,387.66,456.63,420.13
38558,54.1534,-8.8518,372.48,377.15,381.81,386.46,391.10,395.72,397.34,398.95,400.55,402.15,403.75,338.37,362.26,401.70,338.84,355.47,365.79,308.08,387.89,383.54,299.08,339.59,342.58,353.32,391.41,334.23,398.73,360.27
38559,53.4433,-10.0059,201.02,202.88,204.73,206.57,208.38,210.19,210.60,211.01,211.42,211.81,212.20,162.42,181.90,214.50,145.00,170.64,165.35,172.25,181.21,176.96,143.58,166.92,179.27,183.14,175.96,160.59,221.25,169.82
38560,53.6634,-9.7866,237.18,239.15,241.09,243.01,244.91,246.78,246.74,246.70,246.64,246.58,246.51,199.73,207.62,242.46,180.19,201.97,195.46,195.98,224.73,206.42,165.20,182.63,202.89,215.54,225.14,182.86,238.04,185.15
38561,53.4368,-9.5476,259.87,262.08,264.27,266.44,268.58,270.71,270.77,270.82,270.87,270.91,270.94,227.33,262.23,296.49,211.13,244.36,248.23,220.38,266.73,245.05,200.19,228.35,258.74,260.36,260.49,221.68,273.36,231.39
38562,52.7841,-9.2206,453.60,459.48,465.36,471.23,477.09,482.95,484.45,485.94,487.43,488.92,490.41,415.67,444.79,476.26,391.83,439.51,432.17,403.63,430.14,427.56,370.27,406.47,448.60,410.52,464.99,405.01,467.92,435.16
38563,51.9809,-9.5882,310.69,312.79,314.84,316.85,318.81,320.73,319.88,319.01,318.14,317.25,316.35,283.64,284.86,328.51,258.26,306.93,267.63,262.73,301.21,270.67,271.97,247.10,325.53,274.33,305.12,255.02,303.60,261.48
23562,46.1690,8.1877,600.49,598.35,596.19,594.00,591.80,589.57,592.82,596.07,599.33,602.61,605.89,564.83,458.54,598.28,501.41,521.49,403.89,375.27,400.01,406.97,379.79,394.02,493.81,400.79,356.20,422.25,424.52,423.96
23563,45.9535,8.4578,1287.08,1284.09,1281.04,1277.94,1274.79,1271.58,1284.17,1296.82,1309.52,1322.29,1335.11,1283.70,998.24,1167.41,1040.84,1013.06,879.12,847.12,938.27,833.24,857.95,929.25,1078.36,934.03,727.67,998.29,950.52,941.34
23564,46.1732,8.1877,587.66,585.56,583.43,581.28,579.11,576.92,580.04,583.18,586.32,589.47,592.62,553.84,449.62,588.25,491.54,511.31,396.61,368.14,391.58,398.68,373.30,387.60,484.48,392.98,350.30,413.87,415.94,416.09
23565,46.0680,8.6927,1353.22,1352.71,1352.14,1351.50,1350.80,1350.03,1365.43,1380.91,1396.48,1412.13,1427.87,1390.99,1077.46,1132.51,1138.27,1047.69,937.46,912.62,980.58,846.61,911.28,1004.09,1151.66,967.06,707.90,1003.57,913.67,965.38
23566,45.8015,8.3865,1420.10,1412.51,1404.88,1397.19,1389.46,1381.67,1393.18,1404.73,1416.31,1427.93,1439.59,1407.81,1294.43,1433.52,1219.44,1210.81,1083.85,1010.77,1161.31,1029.74,1072.30,1151.04,1303.13,1154.59,973.49,1232.34,1200.21,1091.30
23567,45.7917,8.3847,1436.12,1428.29,1420.40,1412.47,1404.49,1396.46,1408.02,1419.63,1431.27,1442.95,1454.67,1427.08,1323.86,1446.87,1239.97,1222.51,1101.94,1025.17,1183.87,1047.53,1092.79,1170.99,1318.85,1174.05,996.24,1248.12,1222.14,1107.32
38547,45.9382,8.2095,1322.39,1317.15,1311.83,1306.42,1300.93,1295.35,1305.81,1316.31,1326.85,1337.44,1348.07,1113.08,997.83,1207.76,1054.63,1081.63,827.35,802.25,879.68,829.23,757.70,831.93,1057.65,839.28,723.19,981.63,927.77,906.54
38548,46.0013,8.0782,805.60,800.83,796.02,791.16,786.26,781.32,785.02,788.73,792.44,796.16,799.90,675.01,592.03,758.79,615.39,686.80,483.12,472.39,481.97,509.87,431.80,476.27,607.60,502.27,404.88,552.08,539.27,553.57
38549,46.1757,8.4410,764.40,762.84,761.25,759.64,758.00,756.33,761.98,767.65,773.34,779.06,784.79,788.93,544.16,721.08,632.77,635.58,480.24,509.69,502.93,485.88,521.64,558.62,653.64,518.20,410.90,559.19,504.79,601.67
38550,46.1757,8.2169,599.10,597.06,595.00,592.92,590.82,588.69,592.01,595.33,598.67,602.01,605.36,572.14,455.35,591.41,500.88,520.07,402.39,375.92,401.20,405.07,384.80,401.22,497.61,399.66,356.87,426.86,424.24,431.17
38551,46.2486,8.4410,618.48,617.15,615.80,614.43,613.03,611.61,615.24,618.88,622.53,626.19,629.86,635.91,436.64,599.24,498.80,530.94,391.27,415.52,401.53,394.78,431.00,456.45,540.16,432.33,334.59,450.88,410.64,503.53
38552,46.1807,8.4895,844.62,843.39,842.13,840.83,839.50,838.13,844.88,851.65,858.45,865.28,872.13,864.41,592.46,799.46,696.55,687.86,526.50,566.82,554.93,526.82,575.15,605.82,719.59,568.21,442.50,606.67,537.23,664.27
23568,57.7172,25.2961,502.08,464.85,427.64,390.44,353.26,316.09,307.98,299.87,291.77,283.67,275.57,309.00,243.31,262.14,279.26,263.72,289.30,289.94,323.44,272.74,297.70,271.14,308.63,263.79,267.00,286.97,250.24,249.04
23569,56.3644,21.2186,801.29,746.98,692.54,637.97,583.27,528.45,517.12,505.76,494.38,482.97,471.53,487.27,434.92,420.83,449.06,420.89,461.75,461.81,483.14,413.64,490.48,516.30,446.73,415.94,434.08,429.48,347.87,371.54
23570,56.9714,24.4874,672.86,622.62,572.32,521.95,471.51,421.01,411.12,401.22,391.31,381.38,371.44,381.55,349.41,366.54,379.20,334.92,403.15,385.62,410.23,374.41,380.82,382.62,406.12,338.34,371.30,371.77,336.19,384.00
23571,57.1361,25.9036,460.33,425.45,390.62,355.83,321.10,286.41,279.05,271.69,264.35,257.02,249.70,277.06,246.83,237.49,250.40,241.30,260.12,264.85,302.85,259.79,295.19,255.08,274.29,254.33,282.31,295.77,250.58,266.30
23572,56.9119,23.4544,516.17,479.99,443.75,407.43,371.04,334.58,329.38,324.16,318.94,313.71,308.46,319.27,273.58,263.55,290.45,266.36,332.56,333.91,321.01,325.17,337.85,288.61,344.23,304.27,299.69,290.67,279.82,312.31
23573,56.6302,23.8307,725.07,663.19,601.32,539.45,477.58,415.72,407.21,398.71,390.21,381.70,373.20,408.30,370.65,340.90,375.65,330.58,395.12,402.33,408.39,393.07,413.31,376.63,412.97,366.50,408.07,378.55,373.99,401.24
23574,57.0141,22.6463,512.90,475.66,438.38,401.06,363.71,326.33,318.88,311.42,303.96,296.49,289.01,311.07,255.35,250.49,252.15,243.42,298.40,277.89,278.02,255.78,300.89,271.36,306.98,272.51,272.30,296.60,245.11,258.06
33066,56.4789,23.3845,589.99,544.71,499.41,454.08,408.74,363.38,356.91,350.44,343.96,337.48,331.00,373.50,308.73,297.09,329.59,275.86,335.58,334.93,363.21,338.61,373.72,323.66,374.88,321.31,357.84,336.30,322.76,352.04
38545,45.5867,28.1528,599.96,564.89,529.78,494.63,459.45,424.23,411.83,399.42,386.99,374.55,362.10,372.27,430.34,359.81,391.78,401.76,356.66,379.47,327.90,340.91,395.32,305.40,358.10,343.58,419.14,350.89,364.95,384.99
38546,45.8081,28.5375,552.49,521.07,489.63,458.20,426.75,395.29,380.66,366.02,351.38,336.73,322.08,326.43,380.08,312.84,313.45,394.16,333.68,330.46,286.71,295.98,338.88,259.87,293.64,311.76,344.15,312.45,311.24,339.34
38605,51.5647,5.2138,3214.53,3159.16,3103.71,3048.17,2992.54,2936.83,2905.38,2873.87,2842.32,2810.72,2779.06,2710.34,2484.00,2244.36,2295.41,2146.61,1985.71,2204.92,2019.48,1814.32,1777.75,1721.42,1830.64,1577.50,1757.23,1547.26,1727.77,1619.83
38606,52.1598,5.8180,2653.36,2598.60,2543.88,2489.21,2434.59,2380.00,2353.00,2326.01,2299.05,2272.11,2245.19,2188.50,2131.73,1906.60,1993.64,1832.96,1795.23,1903.87,1834.38,1679.37,1598.26,1694.79,1666.50,1568.05,1719.26,1570.66,1694.98,1646.79
38607,52.8345,6.4384,2001.94,1969.77,1937.55,1905.27,1872.93,1840.54,1827.05,1813.54,1800.00,1786.44,1772.86,1790.60,1764.19,1521.65,1604.50,1538.44,1539.76,1542.41,1525.92,1429.30,1429.58,1444.23,1517.93,1352.52,1654.61,1597.41,1554.24,1622.25
38269,58.4944,6.7353,430.85,422.02,413.12,404.15,395.13,386.03,382.92,379.78,376.61,373.41,370.19,243.92,253.62,303.73,262.35,357.19,272.90,221.66,237.82,301.96,305.95,341.97,245.40,280.69,377.05,309.00,246.00,230.35
38310,58.2860,6.4901,745.23,726.88,708.38,689.72,670.91,651.94,645.07,638.14,631.14,624.07,616.94,385.02,445.94,488.84,418.79,602.68,427.57,370.96,381.54,509.57,431.25,539.90,395.77,419.14,621.92,421.25,393.89,366.54
38306,58.3163,7.6754,677.41,656.29,635.02,613.59,592.02,570.30,562.05,553.74,545.37,536.93,528.43,316.47,310.97,362.76,330.61,365.24,300.20,233.68,311.33,365.88,322.08,382.45,292.46,324.32,418.58,319.60,320.70,299.66
38298,58.2926,7.9305,801.88,776.96,751.84,726.53,701.03,675.34,665.60,655.77,645.87,635.88,625.81,350.13,308.43,393.11,343.37,359.91,308.01,236.35,332.82,440.85,352.66,413.89,320.68,326.98,442.44,323.34,335.39,322.67
38292,59.1027,11.5255,476.06,466.38,456.65,446.89,437.10,427.26,424.25,421.22,418.18,415.13,412.07,240.93,262.40,250.11,204.04,255.77,233.35,211.69,228.32,235.75,230.64,273.03,218.03,199.17,275.86,238.48,246.13,204.43
38285,58.1196,7.6649,999.29,969.68,939.81,909.66,879.25,848.57,837.35,826.01,814.56,802.99,791.31,431.77,416.10,491.03,443.64,451.75,402.03,281.35,405.72,544.82,440.12,507.01,386.20,432.98,550.74,416.36,415.48,385.06
38243,58.2039,7.4436,761.72,738.23,714.57,690.73,666.73,642.55,633.36,624.09,614.75,605.33,595.85,370.33,383.33,434.84,377.93,460.99,364.34,270.69,353.99,438.83,392.04,442.70,338.19,384.06,481.13,370.72,354.74,322.46
38265,58.7576,7.3147,270.79,263.89,256.94,249.96,242.94,235.88,233.45,231.01,228.56,226.08,223.60,155.22,148.96,170.05,173.73,215.22,165.99,111.76,143.67,193.66,188.72,195.90,136.07,138.28,222.86,160.40,141.31,129.61
38261,58.2293,6.9923,676.64,656.46,636.14,615.68,595.08,574.33,566.53,558.66,550.73,542.75,534.70,345.59,351.83,421.77,349.88,466.01,366.07,303.25,325.36,409.40,373.29,447.37,339.82,352.31,455.06,346.55,313.05,301.34
38249,58.3054,7.1602,608.79,590.70,572.48,554.13,535.65,517.05,510.10,503.10,496.04,488.92,481.76,331.14,311.86,385.88,321.07,409.65,325.46,258.66,297.78,355.08,339.49,406.84,301.05,332.50,411.18,323.50,295.84,276.22
38288,58.5486,7.2061,388.97,378.62,368.21,357.72,347.17,336.56,332.77,328.96,325.12,321.25,317.36,212.81,213.21,255.29,240.12,303.10,227.36,165.54,192.10,247.99,264.93,284.63,195.90,216.66,303.47,222.73,211.95,175.92
38271,58.6313,6.9693,282.37,275.68,268.96,262.21,255.44,248.63,246.20,243.76,241.31,238.85,236.37,164.71,164.74,201.69,184.66,237.75,186.25,144.18,156.17,196.92,212.50,240.64,154.74,189.60,237.13,183.25,165.64,141.85
38297,59.3436,10.9696,546.50,535.04,523.48,511.83,500.09,488.26,483.53,478.77,473.96,469.11,464.21,289.73,316.44,328.74,272.17,344.90,319.12,278.46,318.39,283.86,267.71,335.33,307.52,282.34,336.68,295.29,312.01,261.94
38245,58.4872,6.1884,733.32,729.51,725.65,721.75,717.80,713.80,712.22,710.61,708.98,707.31,705.61,545.43,544.68,641.62,610.32,697.79,603.44,617.28,592.07,664.52,568.03,685.36,595.85,589.57,737.65,640.03,598.98,619.26
38275,58.4194,6.2109,669.39,661.67,653.89,646.06,638.17,630.23,626.97,623.68,620.37,617.02,613.65,446.65,473.44,543.57,509.89,612.84,494.13,475.22,454.75,557.59,475.50,570.65,465.91,477.45,636.66,494.51,467.90,455.64
38273,58.5632,5.8607,763.88,762.50,761.10,759.67,758.22,756.74,755.84,754.91,753.96,752.99,751.99,625.53,604.63,711.43,657.96,751.84,670.39,744.16,676.14,756.08,634.44,766.62,704.90,666.21,800.82,754.31,697.65,771.47
38290,59.5440,6.0247,490.74,489.24,487.71,486.17,484.60,483.02,481.71,480.38,479.03,477.67,476.29,404.60,441.89,482.88,459.39,548.62,483.82,458.27,412.32,508.18,463.60,590.61,428.80,450.53,523.25,545.17,502.70,486.39
38299,59.1230,11.6840,443.38,434.45,425.50,416.52,407.53,398.51,395.82,393.13,390.43,387.73,385.01,231.38,260.43,238.77,201.11,252.47,228.14,197.86,216.31,239.69,235.26,274.23,210.98,192.17,256.94,227.21,253.06,198.98
38277,59.8261,6.3653,142.27,140.17,138.06,135.94,133.83,131.70,130.73,129.75,128.77,127.79,126.81,102.14,116.37,120.37,112.04,148.78,135.21,88.66,83.54,124.89,147.55,150.41,91.20,94.94,117.55,127.96,120.36,102.03
38251,59.8721,5.4198,326.99,321.44,315.88,310.29,304.69,299.07,296.33,293.57,290.80,288.03,285.24,273.37,292.72,351.45,298.87,395.15,337.04,278.46,225.97,331.85,346.69,377.38,230.82,245.69,291.52,303.71,291.49,255.12
38262,59.8599,6.5788,112.82,111.22,109.61,108.00,106.38,104.75,104.10,103.44,102.78,102.12,101.45,77.12,90.42,96.98,98.68,118.35,98.73,71.59,67.55,101.24,114.44,118.88,69.34,75.84,101.24,104.58,83.45,84.89
38317,60.5310,5.9820,168.55,166.82,165.10,163.36,161.63,159.89,158.93,157.98,157.02,156.06,155.09,117.13,150.31,155.99,153.26,182.95,196.57,101.43,101.84,175.01,150.74,165.32,98.34,114.35,142.28,133.81,141.88,106.97
38268,60.7284,5.5120,194.21,192.84,191.46,190.09,188.71,187.34,186.35,185.37,184.38,183.40,182.41,168.64,221.19,230.33,188.93,281.40,215.09,165.49,139.21,198.70,215.19,247.59,127.34,150.59,187.17,182.45,180.90,135.02
38239,59.4030,10.9990,506.01,495.29,484.48,473.60,462.64,451.59,447.15,442.68,438.16,433.61,429.02,278.27,309.66,318.55,267.74,334.49,308.83,271.06,313.65,287.09,266.95,323.36,296.87,271.63,334.04,290.28,308.25,257.04
38286,61.6702,5.1792,165.10,163.32,161.54,159.77,157.99,156.22,154.98,153.73,152.49,151.25,150.01,128.15,230.16,218.55,173.69,306.02,184.86,134.51,125.09,172.70,146.14,202.15,114.94,128.96,166.08,180.55,187.46,113.79
38267,61.3425,6.4595,91.03,89.72,88.41,87.10,85.78,84.46,83.83,83.21,82.58,81.94,81.31,62.83,84.49,90.15,77.18,111.46,93.61,62.31,68.10,87.32,91.51,103.70,66.21,58.91,78.85,78.49,78.85,66.80
38282,61.9785,6.1833,96.46,96.98,97.50,98.02,98.55,99.07,98.97,98.86,98.75,98.65,98.54,98.44,123.60,121.98,105.90,132.40,116.63,89.21,96.82,108.57,102.27,119.70,91.67,87.44,105.79,93.33,114.92,94.56
38309,62.8191,7.5323,91.62,91.98,92.34,92.69,93.05,93.39,92.94,92.49,92.04,91.59,91.14,108.72,133.20,129.18,110.48,123.69,133.76,105.85,110.51,124.87,107.13,120.67,108.31,100.98,98.73,118.08,126.42,109.25
38257,62.0515,5.7842,97.72,97.98,98.24,98.50,98.76,99.02,98.73,98.45,98.16,97.88,97.60,90.79,124.54,118.91,96.54,132.89,117.23,84.64,93.67,111.27,102.92,121.23,86.94,84.00,102.38,98.67,116.80,93.68
38258,63.9635,10.5641,59.00,58.29,57.59,56.89,56.19,55.50,54.77,54.04,53.32,52.60,51.89,61.26,86.54,129.77,56.80,86.19,87.56,67.63,57.48,73.34,55.16,92.29,67.93,60.95,62.95,77.80,66.27,60.13
38404,59.6098,12.2937,311.59,303.83,296.05,288.26,280.45,272.63,269.89,267.14,264.39,261.63,258.86,197.41,182.25,205.45,177.47,200.66,210.84,159.19,200.19,227.42,197.73,234.64,184.00,153.04,231.42,171.29,223.92,168.36
38345,59.3024,12.3399,332.89,325.01,317.13,309.25,301.36,293.46,290.86,288.26,285.66,283.06,280.46,220.85,217.32,221.59,190.28,225.91,236.31,178.00,189.18,205.34,219.99,245.50,195.25,167.05,250.29,190.76,244.43,183.65
38248,62.6123,11.8766,49.53,49.28,49.02,48.76,48.50,48.24,48.12,48.00,47.88,47.76,47.63,41.47,45.26,47.29,36.86,55.15,52.33,36.38,39.96,46.22,46.98,46.43,41.84,33.34,44.69,48.42,42.99,36.78
38307,64.2779,10.9868,60.88,60.12,59.36,58.61,57.86,57.11,56.33,55.56,54.79,54.02,53.26,53.17,80.78,132.30,53.44,80.55,83.43,60.58,53.21,69.21,53.82,85.32,61.16,58.15,60.80,62.13,64.88,51.69
38349,58.7578,14.7028,381.71,373.57,365.43,357.27,349.09,340.91,338.83,336.76,334.67,332.59,330.50,275.17,258.12,251.74,238.41,245.10,275.92,244.65,232.68,248.20,242.42,288.17,256.78,208.69,270.95,272.72,231.49,235.01
38280,64.3908,12.0848,102.96,102.30,101.65,100.99,100.34,99.68,99.10,98.53,97.95,97.38,96.80,97.99,109.18,158.78,96.30,134.19,128.99,114.91,96.57,116.13,100.97,130.74,108.22,107.06,105.65,121.36,109.71,111.66
38397,65.9619,16.0679,34.58,33.68,32.77,31.87,30.97,30.06,29.78,29.50,29.22,28.93,28.65,24.46,26.64,31.18,21.09,26.73,27.39,17.56,24.92,25.17,26.71,27.47,19.67,19.21,31.21,22.26,17.84,16.26
38230,64.9526,28.2152,101.03,97.14,93.27,89.42,85.57,81.74,80.91,80.09,79.27,78.45,77.64,59.26,58.64,68.46,51.43,72.54,58.25,55.80,60.04,51.74,99.94,64.95,62.43,45.43,71.57,61.16,54.60,45.02
38250,65.0560,13.1720,48.00,47.07,46.15,45.23,44.31,43.39,42.95,42.51,42.07,41.63,41.19,34.32,65.66,81.55,36.86,55.18,56.25,44.29,33.40,41.97,35.12,50.69,35.01,35.59,50.15,38.39,41.21,29.03
38398,56.1775,14.9372,686.28,667.48,648.61,629.66,610.63,591.52,586.23,580.92,575.58,570.21,564.82,527.63,505.10,445.78,473.94,437.91,558.47,496.07,493.51,483.39,450.39,480.43,509.86,409.90,526.04,545.60,424.47,443.83
38409,57.1757,14.2727,473.01,463.00,452.97,442.91,432.83,422.72,420.25,417.77,415.29,412.79,410.29,309.24,324.15,288.22,304.76,285.70,328.11,297.28,336.06,320.17,343.37,354.22,343.29,311.14,347.86,312.03,295.83,293.02
36464,65.7857,19.0877,60.15,58.27,56.40,54.51,52.63,50.74,50.22,49.70,49.18,48.66,48.14,50.90,35.09,35.21,32.41,41.68,40.28,22.74,33.80,41.03,45.31,43.70,32.25,28.13,37.95,39.25,23.80,24.23
38394,56.9478,15.2712,416.85,406.20,395.55,384.89,374.23,363.56,360.45,357.34,354.24,351.12,348.01,274.78,316.75,264.61,268.30,253.23,326.27,275.77,307.69,278.67,293.90,304.48,309.41,289.63,308.01,279.58,274.43,263.31
38373,57.5391,13.9454,464.14,455.24,446.32,437.35,428.35,419.31,417.42,415.52,413.61,411.68,409.75,302.10,317.46,293.32,297.41,317.04,316.98,295.04,324.77,324.60,323.42,331.60,337.19,276.56,331.88,336.00,297.91,303.06
38231,66.2969,29.5083,73.10,70.29,67.47,64.65,61.82,58.99,58.12,57.25,56.37,55.50,54.62,52.74,64.47,44.93,41.50,55.91,49.10,40.22,37.27,42.49,67.93,48.75,41.24,31.03,42.57,41.71,42.55,28.60
38289,66.7510,15.4102,23.97,23.39,22.82,22.25,21.68,21.12,20.86,20.61,20.35,20.10,19.85,17.56,22.97,26.02,19.49,26.16,30.44,22.69,19.53,24.85,19.26,23.11,15.58,16.80,22.77,20.51,20.46,11.81
36461,66.7658,20.1247,53.29,51.68,50.07,48.45,46.83,45.20,44.73,44.26,43.79,43.32,42.85,36.31,33.81,27.70,24.15,36.25,44.41,20.48,27.31,29.40,47.06,56.81,28.42,25.30,34.11,34.32,21.50,18.46
38377,56.7669,13.4276,643.66,630.99,618.28,605.52,592.71,579.85,576.86,573.86,570.84,567.81,564.76,409.44,408.28,423.26,431.73,399.10,469.97,391.30,463.52,436.87,389.17,466.40,464.05,422.44,442.97,428.07,409.86,412.60
38210,67.0655,26.0946,65.86,63.21,60.56,57.93,55.31,52.69,51.96,51.23,50.51,49.78,49.06,43.88,58.19,42.09,43.89,59.85,45.29,40.56,41.08,38.54,58.34,64.44,42.06,34.20,43.48,40.96,39.87,28.49
38211,67.1170,26.0844,63.82,61.25,58.68,56.13,53.59,51.06,50.34,49.63,48.92,48.21,47.51,42.41,54.11,40.76,42.49,57.80,44.97,38.94,39.35,36.86,54.98,63.79,40.46,32.28,41.84,40.10,38.15,27.29
38244,67.5938,15.4879,47.05,45.47,43.90,42.33,40.78,39.24,38.45,37.67,36.89,36.12,35.36,37.95,44.86,74.83,45.59,71.15,64.96,70.79,26.76,45.32,35.38,46.16,29.22,41.62,33.85,40.33,41.65,24.15
38259,68.0540,13.3500,42.59,41.37,40.16,38.96,37.76,36.58,35.91,35.25,34.60,33.94,33.30,36.50,42.34,47.52,39.25,53.30,57.55,60.57,28.61,34.08,33.36,51.15,32.88,38.35,33.84,43.12,41.97,26.47
38237,59.7757,11.7732,306.72,299.48,292.21,284.94,277.65,270.35,267.32,264.28,261.23,258.18,255.13,177.00,186.81,207.14,167.76,213.81,197.25,162.31,190.22,197.28,188.64,222.39,175.05,155.24,223.49,181.62,216.22,181.64
38240,59.7428,11.5765,313.35,305.94,298.50,291.05,283.59,276.11,272.91,269.70,266.48,263.25,260.02,179.54,190.47,212.63,174.49,219.06,201.76,170.00,197.99,200.34,194.79,232.47,182.02,163.81,220.17,192.34,217.68,186.41
38236,60.1072,10.7574,354.40,347.47,340.51,333.51,326.47,319.39,316.15,312.89,309.62,306.32,303.00,209.05,209.55,226.02,208.42,241.84,222.43,172.20,235.79,228.32,205.03,206.06,192.98,159.43,247.72,187.76,206.46,165.72
38305,60.0913,11.9274,279.61,273.81,268.01,262.19,256.35,250.50,247.93,245.34,242.75,240.15,237.55,176.25,177.85,185.83,154.74,197.58,186.24,149.06,178.11,175.73,177.14,192.48,162.29,138.94,206.77,162.69,199.37,167.56
38284,60.5669,11.6546,253.66,247.88,242.07,236.24,230.38,224.49,222.04,219.58,217.10,214.62,212.12,164.38,187.97,169.93,155.46,189.75,174.14,134.90,158.65,168.12,170.93,173.57,148.89,132.30,185.34,160.69,177.61,142.27
38304,60.3867,11.8105,258.98,253.48,247.97,242.43,236.87,231.29,228.91,226.52,224.12,221.70,219.28,167.05,175.20,169.74,156.84,194.87,181.54,141.57,167.56,168.45,167.24,185.29,155.50,136.75,197.02,157.24,180.39,153.44
38302,61.1514,11.6236,189.80,185.57,181.32,177.06,172.77,168.47,166.67,164.86,163.04,161.22,159.38,114.80,135.27,131.36,122.93,170.32,150.39,101.79,117.22,124.64,146.17,140.70,111.01,94.46,141.20,129.06,125.39,95.53
38278,62.2719,8.8401,31.55,32.00,32.45,32.90,33.34,33.79,33.90,34.02,34.13,34.24,34.35,29.64,34.31,31.42,28.25,36.78,34.49,26.51,30.86,33.43,30.63,39.84,30.65,25.19,29.27,30.04,30.62,25.99
38235,59.9777,10.1520,274.93,269.02,263.10,257.17,251.22,245.26,242.31,239.35,236.38,233.41,230.42,169.55,166.84,179.64,162.05,168.26,185.13,125.41,181.22,198.29,182.49,167.88,159.85,136.57,203.64,151.30,159.47,140.95
38311,59.8917,9.3073,211.89,206.87,201.84,196.79,191.73,186.66,184.38,182.09,179.79,177.49,175.18,130.83,144.60,140.64,159.43,137.98,164.64,103.51,150.25,172.33,174.28,160.90,132.11,114.84,210.69,147.87,125.58,139.28
38300,59.6350,10.1048,426.46,416.53,406.55,396.52,386.44,376.31,371.58,366.84,362.07,357.27,352.45,245.33,243.84,264.07,273.98,258.15,281.26,203.32,276.23,299.33,254.68,265.91,247.35,220.13,320.11,239.61,242.90,225.32
38241,59.2729,8.8421,334.83,327.06,319.27,311.45,303.61,295.73,292.15,288.57,284.96,281.35,277.72,180.71,164.34,210.56,193.45,212.84,201.57,139.21,197.06,254.36,225.72,217.53,165.48,162.85,294.28,206.06,172.10,182.73
38266,59.8326,8.7360,136.93,133.41,129.90,126.39,122.88,119.38,117.80,116.23,114.65,113.08,111.50,73.64,74.89,91.62,91.64,97.25,101.48,53.40,94.03,116.12,122.98,104.33,75.03,65.97,122.87,85.15,74.67,84.73
38247,59.2949,7.7271,189.24,184.48,179.71,174.92,170.11,165.28,163.45,161.62,159.77,157.92,156.06,95.46,110.96,123.80,118.51,141.83,119.71,72.06,103.77,140.91,140.40,130.99,93.62,88.59,164.87,123.86,92.80,111.09
38263,59.5886,7.5531,130.17,127.15,124.12,121.09,118.04,114.98,113.80,112.62,111.44,110.25,109.06,67.29,71.33,83.67,80.00,99.28,85.81,54.11,71.68,95.84,98.42,100.52,61.84,58.96,97.26,82.69,66.98,80.03
38270,59.6319,8.1137,146.28,142.76,139.23,135.70,132.16,128.61,127.19,125.76,124.34,122.91,121.47,81.47,93.33,102.36,86.42,135.40,105.31,63.66,90.18,126.91,129.35,114.56,78.16,76.00,135.25,99.95,88.14,91.20
38238,58.6851,8.9620,752.03,728.45,704.68,680.73,656.60,632.29,622.47,612.57,602.59,592.53,582.39,336.58,288.36,356.40,342.25,331.52,322.02,257.04,346.39,470.69,302.49,394.46,292.71,310.16,430.82,322.66,303.42,323.85
38303,58.5926,8.5407,607.80,588.38,568.85,549.20,529.43,509.55,501.65,493.70,485.69,477.64,469.54,263.12,234.15,319.30,259.40,280.51,252.47,196.82,278.28,365.14,268.16,312.54,247.56,264.83,386.13,263.62,278.62,294.95
38301,58.3899,7.9703,683.66,662.12,640.42,618.56,596.55,574.38,565.96,557.47,548.92,540.30,531.61,298.88,265.75,345.16,298.68,320.56,274.18,217.24,293.40,376.91,312.65,353.40,282.34,288.15,387.43,288.53,300.90,284.93
38293,58.7474,7.9718,377.52,366.24,354.90,343.49,332.02,320.47,316.19,311.88,307.54,303.17,298.78,179.84,186.19,242.54,191.95,228.70,190.98,136.49,188.39,237.56,230.89,229.50,167.18,195.30,274.62,189.07,185.83,170.99
38296,59.0769,7.4473,195.45,190.58,185.70,180.79,175.87,170.93,169.17,167.40,165.63,163.85,162.06,108.22,109.66,121.70,125.09,162.08,125.42,81.92,111.67,143.00,151.22,146.84,102.47,98.27,162.05,123.89,102.42,103.43
38281,59.0567,7.3733,187.36,182.83,178.28,173.72,169.14,164.55,162.92,161.28,159.64,158.00,156.34,103.60,103.58,117.45,119.16,159.08,123.68,78.59,106.82,138.69,146.95,142.76,99.52,92.53,152.31,118.99,97.63,97.49
38279,59.2109,7.2425,150.88,147.46,144.04,140.61,137.17,133.73,132.42,131.12,129.82,128.51,127.20,78.00,84.54,97.30,91.89,117.50,100.99,66.91,84.44,107.89,122.99,119.20,80.36,70.30,114.53,91.01,80.64,80.03
38260,59.5048,7.1132,116.99,114.87,112.73,110.60,108.45,106.31,105.51,104.72,103.93,103.13,102.33,63.88,62.26,84.17,81.96,96.37,80.79,57.73,61.68,82.16,102.06,102.17,61.86,55.84,82.63,79.77,69.15,64.58
38312,58.3854,8.2417,754.57,730.86,706.97,682.90,658.65,634.22,624.96,615.62,606.21,596.72,587.16,334.52,283.90,381.87,311.60,319.16,300.96,222.27,329.75,442.89,339.81,387.82,307.52,302.55,452.28,313.43,318.48,334.19
38287,68.0780,16.0340,44.18,42.74,41.32,39.91,38.52,37.13,36.36,35.60,34.84,34.09,33.35,40.15,45.78,62.18,41.90,59.44,62.98,62.61,23.33,36.24,37.93,48.61,25.26,38.79,31.74,38.52,41.39,22.18
38315,62.7829,8.8934,47.76,47.88,48.00,48.12,48.24,48.36,48.16,47.97,47.78,47.59,47.39,50.28,65.11,56.22,42.51,58.78,60.93,45.98,44.95,55.40,53.21,60.56,54.44,43.44,42.65,46.27,53.80,42.68
38242,60.3725,9.7267,177.77,174.19,170.60,167.00,163.40,159.80,158.09,156.39,154.68,152.96,151.25,115.99,117.85,115.39,128.96,130.25,140.48,87.50,122.32,161.50,159.28,138.02,108.97,91.69,175.81,121.07,114.43,115.45
38313,58.6219,6.1064,686.89,685.77,684.63,683.45,682.25,681.02,680.67,680.29,679.89,679.48,679.03,530.38,521.32,620.26,596.44,644.91,595.96,627.27,616.82,647.14,540.27,682.14,610.57,577.09,715.39,688.84,613.70,675.44
38314,59.0523,8.6536,361.62,350.97,340.29,329.57,318.81,308.02,303.53,299.02,294.50,289.97,285.42,175.41,165.33,226.18,182.70,211.95,193.00,138.92,194.62,254.48,224.16,211.54,162.05,169.73,295.16,197.34,175.78,192.54
38246,60.8311,5.5684,172.28,170.94,169.60,168.26,166.92,165.58,164.64,163.70,162.76,161.82,160.88,145.41,196.78,191.05,163.46,239.48,186.83,132.85,122.15,186.71,192.34,205.80,104.85,121.80,162.94,149.32,164.74,108.72
23586,50.7497,15.7008,631.65,613.58,595.55,577.58,559.65,541.78,537.55,533.34,529.13,524.93,520.75,498.39,473.51,423.57,472.43,448.96,529.84,435.95,484.18,469.77,436.39,387.51,466.51,432.82,455.95,463.26,476.17,474.22
29759,50.7580,15.6968,626.54,608.64,590.80,573.01,555.28,537.59,533.34,529.10,524.87,520.65,516.44,497.06,470.57,421.37,469.82,448.64,528.93,433.13,480.31,469.38,434.22,382.58,464.51,431.84,454.13,460.90,474.29,472.79
38564,53.6645,21.7000,925.38,899.50,873.48,847.33,821.04,794.63,786.35,778.03,769.67,761.25,752.79,829.86,691.58,662.93,692.45,698.22,734.40,764.42,742.43,675.90,727.36,724.06,743.70,634.50,648.70,645.21,692.80,824.77
38565,52.4967,15.5447,809.07,787.48,765.92,744.39,722.89,701.43,692.03,682.64,673.27,663.91,654.57,705.01,666.57,535.03,549.99,607.89,567.31,632.46,546.81,598.46,631.39,554.90,609.17,579.22,611.86,546.30,574.34,605.32
38566,53.3665,16.6068,911.24,887.22,863.26,839.37,815.55,791.79,780.35,768.93,757.54,746.19,734.86,706.75,743.81,577.00,630.39,652.61,653.64,716.25,596.36,598.07,617.88,618.40,615.06,608.67,667.17,562.52,596.48,664.59
38567,54.0260,23.0209,935.04,901.16,867.11,832.87,798.44,763.83,754.44,744.99,735.49,725.93,716.31,704.77,642.47,584.49,670.88,625.43,681.17,729.37,678.14,614.80,683.32,671.39,686.50,568.90,560.32,565.37,617.03,683.77
38568,54.1257,22.0267,1022.43,990.69,958.71,926.47,893.99,861.25,851.80,842.27,832.65,822.94,813.15,870.43,752.29,692.48,768.74,737.59,789.75,854.66,833.59,731.63,750.97,819.20,816.98,649.09,681.70,722.45,758.91,886.67
38318,49.2278,20.0088,547.85,523.38,499.04,474.84,450.76,426.82,420.02,413.26,406.53,399.84,393.17,417.76,340.20,426.44,356.45,351.43,310.62,370.77,388.93,377.37,286.17,381.75,356.21,285.08,294.88,351.67,312.65,372.16
38319,49.2293,19.9977,548.74,524.31,500.00,475.83,451.78,427.87,421.07,414.31,407.58,400.88,394.21,420.12,342.22,425.12,357.46,351.44,310.46,370.86,389.07,375.95,286.89,382.71,355.95,285.48,295.79,351.96,313.36,373.25
38320,49.1888,20.0778,516.30,492.09,468.02,444.10,420.31,396.67,390.35,384.06,377.80,371.57,365.38,375.53,301.81,413.77,328.63,323.75,291.51,350.52,368.69,367.80,258.79,352.70,337.85,263.40,267.71,330.30,286.54,343.85
38321,49.1978,20.0722,524.43,500.07,475.85,451.77,427.84,404.04,397.59,391.17,384.79,378.43,372.11,384.04,309.11,420.96,334.26,331.06,294.99,356.26,376.37,372.73,263.40,360.50,344.86,268.61,272.09,336.36,292.17,350.79
38322,49.1942,20.0537,524.62,500.31,476.13,452.09,428.19,404.42,398.05,391.71,385.40,379.12,372.88,386.14,311.59,414.88,333.76,328.20,294.26,354.66,374.59,369.33,262.91,358.86,341.64,268.06,272.09,334.25,291.42,350.39
38323,49.1520,20.1299,504.50,480.00,455.65,431.43,407.35,383.42,377.46,371.53,365.63,359.76,353.91,355.68,289.72,394.30,321.56,308.51,293.23,337.49,349.24,359.09,256.53,329.92,319.15,254.58,268.28,318.37,274.20,322.95
38324,49.1638,20.0257,498.70,475.07,451.58,428.23,405.02,381.95,376.10,370.27,364.48,358.71,352.98,365.10,293.99,380.32,314.80,300.09,279.68,333.67,348.37,346.79,246.99,332.57,314.39,251.38,257.11,311.36,273.08,328.84
38325,49.1792,20.0590,510.69,486.65,462.76,439.01,415.40,391.93,385.78,379.66,373.57,367.51,361.48,372.21,299.59,401.77,324.06,315.43,287.86,344.69,361.51,360.40,254.92,345.58,329.44,259.25,264.43,323.68,281.86,338.70
38326,49.1740,20.0574,506.31,482.38,458.59,434.94,411.43,388.07,381.99,375.95,369.95,363.97,358.02,368.22,296.23,396.64,320.92,310.95,285.68,341.29,357.13,357.01,252.31,341.17,325.09,256.40,261.99,320.01,278.75,334.98
38327,49.1701,20.0608,502.65,478.78,455.06,431.48,408.04,384.75,378.73,372.74,366.78,360.86,354.96,364.29,292.84,393.67,318.41,307.79,284.16,338.78,353.75,354.94,250.26,337.73,322.08,254.08,260.03,317.38,276.25,331.88
38328,49.1677,20.0206,502.94,479.24,455.67,432.24,408.95,385.79,379.89,374.01,368.16,362.35,356.56,369.71,298.07,383.17,317.64,303.43,281.46,336.39,352.01,348.86,249.31,336.29,317.50,253.95,259.41,314.17,275.83,332.31
38329,49.1697,20.0129,505.42,481.69,458.10,434.64,411.31,388.13,382.21,376.31,370.45,364.62,358.81,373.00,301.05,383.54,319.18,304.82,282.18,337.66,353.88,349.32,250.54,338.24,318.72,255.41,260.67,315.39,277.36,334.35
38330,49.2059,19.7358,567.21,541.51,515.89,490.36,464.91,439.56,433.69,427.83,422.00,416.18,410.38,452.33,384.40,427.73,389.66,371.03,331.67,416.66,423.54,378.53,311.14,415.36,371.48,292.05,322.46,387.16,347.30,425.19
38331,49.1526,20.1833,534.91,509.02,483.26,457.62,432.10,406.70,400.52,394.35,388.22,382.11,376.03,376.07,314.66,408.29,344.87,330.11,316.09,351.98,366.36,376.15,281.67,341.95,333.56,273.44,295.87,337.34,289.75,331.72
38332,49.1330,20.0124,466.24,443.47,420.85,398.38,376.05,353.87,348.53,343.22,337.93,332.68,327.45,337.03,269.29,345.79,292.07,269.45,261.98,310.06,318.92,323.40,227.90,302.90,285.49,231.86,238.29,286.09,251.80,303.23
38333,49.1841,20.1614,518.51,493.74,469.12,444.64,420.32,396.14,389.70,383.30,376.93,370.59,364.28,369.96,304.17,409.08,333.32,327.82,299.52,344.64,367.80,370.61,269.13,344.47,335.64,266.90,280.09,333.93,286.70,334.49
38334,49.1801,20.1667,520.03,495.14,470.38,445.77,421.31,396.99,390.58,384.21,377.86,371.55,365.27,370.19,305.30,408.12,334.52,327.83,301.45,344.80,367.25,370.92,270.74,343.45,334.88,267.54,282.18,334.12,286.79,333.50
38335,68.3058,18.6525,15.50,15.26,15.02,14.78,14.54,14.30,14.20,14.09,13.99,13.89,13.78,12.54,16.76,17.05,12.18,16.36,20.43,15.97,8.93,12.43,10.09,14.66,8.79,11.13,14.36,12.05,10.80,7.17
23598,57.0089,16.1619,477.90,465.07,452.19,439.26,426.28,413.25,409.63,406.00,402.35,398.68,394.99,338.74,365.17,324.66,299.23,276.97,377.16,297.71,289.84,297.72,323.36,293.50,340.62,310.98,328.08,332.94,302.50,284.10
23603,57.0920,14.5296,496.37,485.72,475.04,464.31,453.54,442.73,440.22,437.70,435.17,432.62,430.06,335.52,364.41,306.49,329.47,310.00,366.43,325.34,375.21,342.97,365.09,360.34,372.14,336.99,371.03,345.99,331.13,314.32
38370,59.5862,14.5204,282.60,275.40,268.19,260.96,253.71,246.44,244.25,242.05,239.85,237.64,235.43,195.28,187.26,176.12,166.49,196.25,192.98,157.79,169.63,165.67,204.65,205.49,179.59,135.49,213.53,181.29,210.02,160.46
36460,57.0662,12.7897,836.64,820.96,805.19,789.35,773.43,757.42,754.07,750.70,747.31,743.89,740.45,575.55,557.71,557.02,577.00,601.97,633.58,544.99,646.32,586.37,552.77,614.03,642.65,538.59,607.66,601.13,542.13,560.39
38232,69.1847,26.8978,25.14,24.23,23.33,22.43,21.55,20.67,20.36,20.05,19.75,19.45,19.15,18.11,18.22,17.96,29.02,28.81,31.46,17.22,14.92,16.91,16.19,30.13,16.55,17.90,21.91,22.03,17.63,11.50
36462,58.6999,14.6398,407.89,399.66,391.41,383.13,374.83,366.50,364.64,362.77,360.90,359.02,357.13,299.38,279.74,277.10,259.11,261.80,296.51,264.02,247.51,265.46,260.47,315.30,278.15,221.81,287.88,287.62,244.79,252.12
38283,69.2436,17.3114,32.22,31.21,30.21,29.22,28.25,27.29,26.72,26.16,25.60,25.05,24.51,27.63,42.49,48.98,28.99,42.48,53.26,50.03,19.47,32.23,23.09,38.43,19.29,38.42,29.85,33.83,29.48,17.41
38294,69.2540,28.9277,29.54,28.43,27.33,26.24,25.16,24.08,23.67,23.26,22.85,22.45,22.05,18.61,21.11,22.44,26.82,34.42,33.61,20.59,17.98,25.40,22.31,36.69,18.34,21.04,25.46,22.91,20.12,13.24
38344,65.5262,21.4169,125.68,121.36,117.01,112.64,108.25,103.84,102.61,101.38,100.13,98.88,97.62,87.48,85.51,75.28,82.74,99.36,92.52,66.32,82.14,72.09,106.85,101.45,89.81,76.86,81.25,95.19,85.00,71.94
38390,58.1142,14.1062,464.07,456.92,449.72,442.45,435.13,427.75,427.27,426.77,426.27,425.75,425.22,344.99,317.77,336.97,321.88,331.56,355.09,315.60,316.07,355.65,353.62,347.72,348.91,269.02,390.14,359.90,316.34,328.31
38411,58.1719,16.2118,382.65,372.09,361.52,350.93,340.34,329.73,326.42,323.11,319.80,316.48,313.16,268.88,226.73,265.93,225.39,216.04,267.76,233.74,226.57,244.91,291.04,252.04,252.08,219.28,272.39,247.72,214.39,210.28
38338,59.7151,13.9107,295.40,288.09,280.75,273.39,266.01,258.60,256.37,254.14,251.89,249.64,247.38,185.44,194.91,201.95,165.15,200.16,205.49,166.25,171.05,170.99,185.89,213.94,182.01,140.50,209.28,181.10,230.75,178.32
38369,59.9914,13.3473,271.36,264.03,256.67,249.28,241.86,234.42,231.91,229.40,226.87,224.34,221.79,171.74,167.82,167.32,148.85,174.45,192.06,142.23,149.72,173.88,203.38,204.04,167.68,132.03,194.84,151.08,178.00,157.24
38395,59.9130,13.4279,284.40,276.91,269.40,261.86,254.29,246.69,244.20,241.71,239.20,236.68,234.16,184.69,175.32,177.37,154.78,179.39,198.70,153.34,157.89,177.59,210.55,213.91,176.75,134.35,204.73,161.58,181.24,163.43
38339,63.7370,16.7694,106.40,103.17,99.94,96.69,93.44,90.18,89.17,88.16,87.15,86.13,85.11,62.83,67.89,54.80,49.40,77.70,65.82,40.64,54.10,68.80,81.81,71.87,48.55,40.18,64.39,59.40,45.05,40.57
38384,56.3234,14.3754,603.49,588.81,574.10,559.38,544.64,529.88,525.57,521.25,516.92,512.59,508.26,472.71,446.56,420.11,425.38,396.41,469.74,420.10,463.77,417.28,431.93,446.09,471.40,419.13,452.17,513.69,412.70,410.20
38233,69.4471,29.1036,26.03,25.08,24.13,23.20,22.27,21.35,21.00,20.66,20.31,19.97,19.63,17.14,18.22,20.39,24.98,29.15,31.12,18.84,17.57,22.07,18.30,33.73,16.02,19.94,21.40,21.54,18.49,11.39
38378,60.3578,12.9058,246.43,239.80,233.14,226.45,219.73,212.97,210.61,208.23,205.84,203.44,201.02,162.19,127.62,146.30,135.70,158.50,157.51,112.32,133.23,134.30,183.95,189.26,139.53,109.32,161.82,141.40,156.59,139.82
38401,60.0227,12.6278,283.02,275.37,267.71,260.01,252.30,244.56,241.78,238.99,236.19,233.38,230.56,162.03,150.95,174.57,156.58,184.45,177.17,136.87,157.80,182.72,193.43,205.09,163.62,128.36,202.17,161.07,193.00,155.93
38410,59.9487,12.5984,291.89,284.07,276.23,268.36,260.47,252.56,249.74,246.91,244.07,241.22,238.36,168.79,155.85,180.93,159.25,191.17,182.87,142.88,161.62,187.84,194.02,210.73,169.10,132.55,206.98,165.35,199.87,162.67
38372,58.9927,14.5603,348.55,341.03,333.48,325.91,318.33,310.73,308.76,306.78,304.79,302.80,300.80,233.74,237.62,225.24,213.01,229.39,259.00,218.96,204.18,214.10,218.34,239.47,226.66,188.10,257.02,234.06,228.92,205.74
38350,56.5351,13.9938,544.82,532.59,520.34,508.08,495.81,483.52,479.99,476.47,472.94,469.40,465.86,423.61,397.20,407.24,397.23,387.52,445.49,398.07,423.01,406.54,411.26,444.59,443.65,410.29,413.56,439.13,390.81,424.00
38385,58.7631,16.2339,377.58,368.55,359.50,350.42,341.32,332.18,329.67,327.14,324.61,322.06,319.51,263.08,228.91,252.00,214.96,231.79,252.27,240.35,235.64,237.85,297.70,256.18,257.60,231.04,260.85,233.55,199.23,190.34
38408,59.7901,13.5471,301.47,293.81,286.12,278.40,270.65,262.88,260.43,257.98,255.51,253.04,250.55,197.65,183.62,196.69,162.79,194.06,202.62,162.71,167.31,173.69,209.19,222.22,191.06,144.84,206.99,172.77,202.11,173.84
38340,59.5265,12.7866,340.71,332.31,323.89,315.44,306.97,298.47,295.77,293.05,290.33,287.60,284.86,224.80,207.85,211.11,198.37,207.94,233.59,171.89,186.46,215.90,248.55,252.70,206.58,163.26,245.29,182.78,236.90,191.64
38342,59.3442,12.7259,389.46,380.17,370.86,361.54,352.19,342.81,340.04,337.27,334.48,331.69,328.89,255.19,266.03,247.40,230.59,230.93,262.10,215.50,222.33,251.89,286.68,274.67,224.66,190.61,282.11,219.57,275.89,206.15
38382,59.3570,12.8627,379.35,370.02,360.67,351.31,341.94,332.55,329.70,326.85,323.99,321.13,318.27,246.81,248.89,231.30,219.24,220.79,252.97,203.26,207.71,243.10,287.28,268.18,219.95,180.46,271.93,213.64,266.23,199.57
38407,57.2290,15.1689,435.04,424.92,414.77,404.58,394.37,384.13,381.52,378.90,376.28,373.64,371.00,301.14,326.57,283.92,293.98,267.36,329.12,297.95,312.85,288.67,304.03,301.90,298.31,297.06,318.21,286.03,285.39,277.86
38375,59.5803,11.8444,331.69,323.67,315.63,307.57,299.49,291.39,288.36,285.32,282.27,279.22,276.16,191.13,199.42,217.36,174.88,223.50,211.98,179.50,195.49,214.09,201.48,258.34,183.87,160.79,235.21,192.02,229.69,181.84
38386,59.3353,11.9391,333.54,325.76,317.98,310.20,302.40,294.60,291.89,289.18,286.46,283.75,281.03,199.15,217.10,222.30,182.39,228.19,227.74,181.16,193.86,216.89,207.74,255.12,191.25,173.81,246.55,194.82,233.63,181.25
38341,59.2513,12.2139,328.89,321.20,313.51,305.82,298.13,290.44,287.86,285.27,282.69,280.11,277.53,210.80,209.37,209.76,181.05,214.75,225.87,172.51,183.13,203.79,207.75,239.99,185.34,164.17,240.01,191.19,233.02,176.70
38357,58.7626,15.1421,359.74,351.89,344.02,336.15,328.27,320.38,318.26,316.15,314.03,311.91,309.79,262.13,249.92,250.93,230.29,232.04,268.01,229.74,231.60,255.55,264.48,271.30,252.49,214.71,264.17,259.58,219.72,212.37
38358,59.6183,15.4751,322.85,314.75,306.62,298.48,290.30,282.11,279.88,277.65,275.41,273.17,270.91,217.59,192.26,192.41,180.16,195.77,220.97,183.22,195.31,180.50,189.02,221.23,194.98,159.06,218.54,182.30,201.47,164.90
38412,59.6412,15.1332,323.36,315.21,307.03,298.82,290.57,282.30,280.04,277.78,275.50,273.22,270.92,211.24,187.12,189.46,172.89,198.82,214.32,184.35,197.02,186.04,189.37,216.39,185.18,153.31,229.67,192.07,199.43,178.29
38389,59.8119,14.6265,256.48,249.75,243.00,236.24,229.46,222.66,220.60,218.53,216.45,214.37,212.28,168.14,163.19,158.70,143.46,180.08,175.02,143.69,166.74,151.51,184.63,194.37,154.45,122.99,191.04,158.45,178.39,143.94
38396,62.5406,17.6938,250.09,240.64,231.13,221.55,211.91,202.20,199.45,196.69,193.90,191.09,188.26,140.29,137.78,123.91,113.90,125.73,134.30,94.90,148.17,122.74,152.56,143.44,123.17,93.77,121.57,136.51,121.95,114.58
38337,58.3151,12.5020,492.85,485.96,479.01,472.02,464.96,457.86,457.45,457.03,456.61,456.16,455.71,361.14,359.75,341.12,323.39,350.81,362.82,318.44,305.15,325.88,348.13,380.03,326.92,272.28,364.97,377.18,317.55,308.38
38376,62.5948,16.7055,136.11,132.11,128.09,124.07,120.04,116.00,114.84,113.67,112.50,111.33,110.15,80.41,86.64,71.57,69.01,88.51,79.02,57.97,71.29,80.47,96.55,83.89,63.37,52.12,91.13,75.99,80.93,66.67
38367,56.4464,13.9928,573.88,561.08,548.27,535.44,522.60,509.75,506.06,502.37,498.68,494.99,491.29,453.42,414.04,428.88,426.20,411.81,475.68,416.70,449.21,433.11,430.51,460.18,469.20,419.05,439.01,475.09,412.99,444.11
38353,56.1235,13.4879,690.94,676.81,662.68,648.54,634.40,620.26,616.48,612.71,608.93,605.15,601.37,531.26,510.72,563.31,532.09,504.57,582.81,503.79,543.53,535.70,525.18,541.95,570.10,494.75,555.17,559.47,524.17,529.59
38381,63.6431,17.3908,95.69,92.61,89.54,86.46,83.39,80.32,79.32,78.31,77.31,76.31,75.30,61.10,69.32,60.28,48.69,72.34,66.03,39.74,61.22,66.88,82.07,63.43,49.41,41.98,64.98,57.01,48.41,39.17
38356,62.4669,16.7063,135.23,131.11,126.99,122.87,118.74,114.60,113.37,112.15,110.92,109.69,108.45,77.03,87.45,69.93,68.23,92.56,78.89,54.49,70.74,83.38,93.20,88.03,64.47,52.78,87.79,76.90,79.21,70.17
38361,58.6212,14.4758,423.31,415.73,408.11,400.45,392.74,385.00,383.73,382.45,381.16,379.86,378.55,310.71,294.19,297.12,267.60,272.81,321.51,288.28,261.31,286.22,284.84,326.94,302.90,229.22,304.53,292.04,261.52,263.09
38352,58.1482,12.1812,535.76,525.97,516.13,506.25,496.33,486.36,484.18,481.98,479.77,477.55,475.31,421.69,414.47,396.69,373.33,414.48,405.80,335.71,347.65,366.49,398.55,422.51,353.11,322.73,384.23,401.65,352.40,333.65
38403,57.4661,16.0328,405.10,394.92,384.75,374.60,364.46,354.34,351.34,348.35,345.36,342.37,339.39,317.36,304.03,269.37,263.32,240.33,310.77,260.22,267.36,280.34,319.60,276.55,294.71,263.75,281.04,270.76,280.17,236.14
38351,57.6091,15.2493,419.80,410.04,400.23,390.39,380.51,370.59,368.16,365.71,363.25,360.78,358.30,298.23,300.43,268.08,287.67,268.22,310.80,295.95,286.62,280.08,303.88,275.35,320.27,253.95,299.54,275.61,251.45,251.81
38366,67.0590,19.9436,43.84,42.66,41.48,40.29,39.11,37.91,37.58,37.26,36.92,36.59,36.26,32.15,29.36,24.28,21.96,28.53,41.45,18.16,24.21,26.20,34.13,40.64,22.55,21.57,27.90,29.43,18.48,15.59
38402,62.2435,15.6733,109.02,106.01,102.99,99.97,96.94,93.90,93.04,92.17,91.31,90.44,89.57,67.94,75.41,55.83,57.77,68.30,71.12,44.57,55.91,66.04,82.45,75.27,55.52,38.57,81.11,66.23,61.09,60.09
38371,60.7336,16.4248,203.96,198.01,192.08,186.14,180.21,174.29,172.43,170.57,168.71,166.86,165.00,124.83,146.77,132.60,113.31,122.20,149.79,109.92,114.41,136.41,146.68,150.47,119.12,87.98,138.02,113.39,131.23,110.63
38359,57.3372,13.7114,545.42,534.52,523.57,512.58,501.55,490.47,487.96,485.44,482.91,480.37,477.81,330.25,339.94,308.03,322.30,322.56,344.89,307.81,343.95,359.48,336.39,366.94,372.54,311.71,362.60,332.69,301.13,318.63
38234,69.4486,29.1382,25.79,24.84,23.91,22.99,22.07,21.16,20.81,20.46,20.12,19.78,19.44,17.03,18.24,20.19,24.85,28.92,30.96,18.77,17.42,21.98,18.26,33.98,15.85,19.98,21.37,21.38,18.42,11.32
38274,69.5319,29.4476,25.54,24.67,23.81,22.95,22.10,21.25,20.91,20.57,20.24,19.90,19.57,16.70,19.20,21.71,25.17,28.95,34.81,19.41,17.18,20.31,19.19,34.57,15.88,21.46,20.95,21.08,18.13,11.35
38308,69.5503,30.7804,29.58,28.76,27.94,27.13,26.32,25.51,25.17,24.83,24.49,24.16,23.82,15.05,14.55,20.45,20.20,27.10,32.29,17.76,14.23,16.11,20.53,28.95,14.40,19.51,18.18,20.90,16.34,10.03
38405,62.3301,16.9872,177.94,172.35,166.76,161.14,155.52,149.89,148.34,146.79,145.24,143.68,142.12,104.77,119.84,96.35,96.43,114.47,111.77,76.29,106.92,109.84,123.97,110.91,96.32,76.36,98.53,102.71,97.42,97.12
38295,69.5640,29.8059,26.52,25.66,24.80,23.95,23.11,22.27,21.91,21.56,21.21,20.86,20.52,16.30,19.64,20.74,25.19,29.83,33.43,19.25,17.00,17.86,18.43,32.07,15.94,20.13,20.22,20.80,17.31,12.05
38316,69.6847,30.3862,28.27,27.43,26.59,25.76,24.94,24.12,23.76,23.41,23.06,22.71,22.36,15.92,14.07,20.22,21.41,26.79,29.04,17.55,14.86,17.67,18.68,25.62,15.19,18.05,16.80,17.65,15.21,10.47
38414,59.7257,12.7580,334.35,325.78,317.17,308.53,299.86,291.15,288.31,285.46,282.60,279.72,276.84,215.69,189.79,213.31,184.75,205.56,213.70,166.69,181.34,211.87,236.67,250.57,200.90,157.54,237.35,189.47,229.78,198.39
38368,56.2062,14.5400,684.26,666.53,648.75,630.92,613.04,595.10,589.87,584.63,579.37,574.09,568.80,549.55,511.60,463.21,478.07,455.46,537.66,486.75,522.86,477.06,488.41,478.28,513.69,450.62,530.06,560.64,456.78,448.39
38364,58.0202,12.0304,560.03,549.29,538.52,527.72,516.90,506.06,503.27,500.47,497.66,494.84,492.02,432.48,432.86,421.05,390.72,454.03,437.72,362.19,378.38,391.75,404.33,455.23,394.81,353.73,417.64,445.95,382.12,383.96
38387,60.6388,15.4453,210.61,204.94,199.24,193.52,187.77,182.01,180.34,178.65,176.96,175.26,173.56,134.91,140.55,134.38,114.58,140.10,157.22,114.63,119.46,141.66,167.02,142.12,129.45,94.49,157.93,115.32,138.85,125.05
38256,69.6950,30.6562,31.08,30.20,29.33,28.46,27.60,26.74,26.38,26.02,25.66,25.30,24.95,17.36,16.08,23.36,21.89,28.11,29.29,17.61,15.76,18.19,19.50,25.76,15.05,19.33,17.25,19.70,16.61,11.27
38374,60.0277,15.6627,252.95,246.45,239.93,233.40,226.86,220.30,218.47,216.62,214.77,212.92,211.06,162.20,154.72,147.12,139.95,155.08,181.62,144.95,145.25,151.78,171.06,189.46,148.76,115.49,189.74,146.67,160.48,130.62
38362,60.1621,15.7334,237.45,231.39,225.32,219.24,213.15,207.05,205.32,203.59,201.86,200.12,198.38,157.89,153.72,145.32,134.89,150.60,181.44,138.06,137.99,148.68,161.45,185.46,145.29,109.67,202.21,136.76,155.41,127.90
38354,60.6450,13.6265,175.27,170.23,165.17,160.10,155.01,149.90,148.05,146.18,144.31,142.44,140.56,109.47,116.28,107.98,99.27,107.67,126.98,91.67,97.89,104.80,130.85,146.35,109.04,80.70,137.59,108.55,115.68,100.22
38415,59.8930,13.3382,291.14,283.47,275.78,268.05,260.29,252.50,249.96,247.41,244.84,242.27,239.68,186.09,181.83,178.67,161.93,184.23,202.05,154.99,161.09,183.42,213.28,218.19,179.30,135.58,208.35,166.21,186.53,166.05
38379,63.8620,18.2726,99.44,96.13,92.81,89.49,86.17,82.84,81.82,80.80,79.77,78.75,77.72,59.79,59.74,65.74,49.91,66.48,66.23,39.54,68.82,63.12,74.73,59.09,56.50,44.67,69.37,64.60,45.46,44.91
38363,63.5427,17.6331,108.23,104.71,101.19,97.66,94.13,90.60,89.48,88.36,87.24,86.12,85.00,66.36,69.98,72.92,54.39,72.77,72.11,43.52,67.37,68.79,88.04,66.32,57.01,45.73,74.18,60.64,54.44,47.74
38383,59.9779,17.1589,285.27,278.37,271.46,264.54,257.60,250.65,249.03,247.40,245.77,244.14,242.51,196.35,183.24,191.64,168.55,172.90,196.64,169.38,193.04,186.41,187.71,240.41,192.09,158.67,212.13,186.15,182.95,167.44
38346,56.2460,14.3775,627.29,611.38,595.46,579.52,563.55,547.57,542.66,537.74,532.81,527.88,522.94,506.44,467.77,431.35,442.36,413.65,493.65,443.71,487.16,441.37,451.48,456.31,486.17,434.19,479.00,529.07,434.24,425.40
38406,63.0025,17.5153,173.22,167.71,162.16,156.59,150.98,145.33,143.75,142.16,140.55,138.93,137.31,110.51,109.36,111.00,95.17,109.53,118.79,81.01,106.92,113.50,122.73,114.22,96.51,78.58,104.08,98.00,98.81,93.96
38399,56.3250,15.3582,555.13,538.20,521.29,504.41,487.56,470.74,465.02,459.31,453.61,447.91,442.23,409.83,401.03,365.82,390.32,333.85,459.53,367.06,397.10,381.88,356.09,392.43,413.87,336.77,430.98,430.10,353.51,352.67
38255,69.7064,29.7211,23.88,23.09,22.31,21.53,20.76,20.00,19.67,19.33,19.00,18.67,18.35,15.82,15.14,19.19,23.26,28.72,28.41,18.89,15.38,17.92,16.11,28.81,14.94,17.86,17.35,17.64,16.59,11.24
38413,56.2864,14.6851,643.43,626.15,608.83,591.47,574.05,556.60,551.34,546.07,540.79,535.49,530.17,484.81,467.04,415.42,432.23,405.07,494.76,439.16,459.25,427.86,424.76,445.48,467.24,406.44,469.53,511.36,417.10,415.98
38388,56.6715,13.0653,874.85,858.30,841.69,825.01,808.28,791.48,787.71,783.92,780.12,776.29,772.45,617.53,591.37,620.42,606.63,621.82,689.70,587.05,690.30,622.15,556.97,679.07,668.49,597.59,640.06,637.70,603.80,606.77
38264,69.7092,30.6015,30.42,29.55,28.69,27.83,26.98,26.14,25.78,25.42,25.06,24.71,24.35,17.01,15.67,23.20,21.90,27.63,29.01,17.42,15.59,18.14,18.92,25.43,14.71,19.00,16.91,19.16,16.28,11.08
38276,69.7231,30.1874,26.47,25.63,24.79,23.95,23.13,22.31,21.95,21.59,21.24,20.89,20.54,15.65,13.96,20.16,21.47,26.59,27.71,17.71,15.28,17.12,17.45,25.59,14.75,17.21,16.86,17.00,15.77,10.73
38416,59.4095,12.9841,379.24,369.85,360.44,351.02,341.58,332.13,329.25,326.37,323.48,320.59,317.69,257.51,243.73,227.84,221.66,235.93,269.15,197.70,211.44,239.70,290.95,276.07,231.62,183.81,273.39,217.14,266.30,206.03
38392,59.1149,17.3535,377.46,367.14,356.79,346.41,336.00,325.56,322.73,319.89,317.04,314.18,311.31,228.07,197.32,215.07,187.11,194.70,227.02,203.94,213.85,213.39,223.59,237.07,224.84,186.90,226.33,201.82,180.15,168.02
38393,57.1559,14.5168,489.54,479.14,468.70,458.21,447.68,437.11,434.66,432.20,429.72,427.23,424.73,328.67,362.61,303.21,325.17,306.61,357.83,321.77,367.84,339.28,354.26,356.11,356.19,330.21,364.89,343.33,320.36,313.26
38218,69.7426,26.9499,18.72,18.15,17.58,17.02,16.47,15.92,15.73,15.54,15.36,15.17,14.99,14.70,13.21,17.91,22.24,26.09,24.40,16.19,12.38,14.96,13.67,22.57,13.00,15.99,18.41,21.32,15.35,10.78
38253,69.8689,29.1846,22.30,21.51,20.73,19.96,19.19,18.44,18.11,17.78,17.46,17.14,16.82,14.53,11.98,18.52,23.03,25.42,22.08,17.46,14.09,18.91,14.86,28.91,13.79,17.27,16.34,16.01,15.55,10.67
38252,69.9424,29.1139,22.81,21.98,21.16,20.35,19.55,18.75,18.41,18.08,17.75,17.42,17.09,14.71,12.02,19.15,22.66,26.87,23.10,18.08,15.10,20.47,15.53,28.50,14.68,17.83,16.68,17.15,16.17,11.08
38347,59.8970,15.6867,265.55,258.76,251.96,245.15,238.33,231.49,229.58,227.66,225.74,223.82,221.89,178.11,168.12,155.99,147.64,158.71,189.36,158.07,155.69,160.32,179.98,199.70,160.97,127.68,189.48,154.11,170.26,137.06
38417,59.8371,15.5503,272.53,265.48,258.42,251.35,244.27,237.17,235.16,233.15,231.14,229.12,227.09,181.22,167.63,160.54,149.11,164.16,194.48,156.29,158.28,158.36,181.76,199.83,164.70,130.95,189.03,153.86,170.61,140.08
38360,56.8781,14.9286,488.72,477.36,465.97,454.54,443.07,431.56,428.70,425.83,422.94,420.05,417.14,336.70,367.11,313.22,320.84,303.06,383.09,337.55,379.70,324.95,342.37,360.69,381.35,348.99,375.06,341.28,313.42,313.31
38254,70.3473,30.8842,22.99,22.21,21.44,20.68,19.93,19.19,18.82,18.45,18.09,17.73,17.37,14.00,11.99,22.54,18.49,24.46,20.19,17.06,15.33,14.70,16.43,24.22,13.21,17.04,18.28,16.82,15.26,12.13
38380,58.8150,11.6125,490.01,479.55,469.10,458.65,448.20,437.76,434.60,431.44,428.28,425.12,421.96,288.57,314.81,283.21,243.45,312.46,297.36,251.78,253.54,253.35,273.78,315.84,267.68,241.05,310.10,292.73,303.69,236.56
38365,57.6392,15.7552,405.12,395.08,385.03,374.97,364.89,354.80,351.99,349.18,346.37,343.55,340.73,309.04,300.28,266.23,288.70,260.13,311.24,280.78,278.74,277.29,327.02,284.62,296.50,284.93,297.37,276.08,269.00,251.97
38336,57.9479,16.0963,408.88,397.77,386.64,375.49,364.31,353.12,349.69,346.25,342.81,339.36,335.90,298.66,261.45,271.96,259.43,236.19,301.97,260.71,253.44,263.03,312.12,270.11,293.53,255.94,293.06,266.98,248.24,233.22
38343,56.5972,15.7281,479.91,466.53,453.16,439.78,426.40,413.01,408.86,404.70,400.55,396.39,392.23,338.02,369.13,319.02,328.05,291.41,391.80,304.33,322.19,311.26,322.05,346.85,337.56,304.85,340.52,366.06,313.09,294.07
38400,56.7387,15.4068,441.41,429.85,418.30,406.77,395.25,383.74,380.22,376.70,373.18,369.68,366.17,307.78,344.50,284.21,302.78,267.46,368.22,283.77,313.66,289.69,331.08,329.98,330.07,296.92,327.61,320.63,297.79,272.13
23472,46.3631,8.6897,597.53,597.18,596.81,596.43,596.03,595.62,599.56,603.52,607.49,611.47,615.47,601.28,417.81,509.85,454.49,466.77,380.65,393.35,386.45,373.87,401.75,394.23,508.72,429.21,300.44,398.89,356.34,476.38
23474,46.4761,8.5928,379.13,378.65,378.17,377.68,377.20,376.71,377.99,379.28,380.57,381.87,383.16,384.39,298.45,373.64,321.72,349.96,273.76,294.86,278.67,284.66,286.73,288.85,351.60,307.50,233.94,291.09,272.43,333.27
23475,46.4761,8.5847,371.81,371.29,370.77,370.25,369.72,369.20,370.41,371.62,372.83,374.04,375.26,376.49,291.79,367.54,315.43,343.79,268.18,288.29,271.98,278.77,280.50,282.62,345.38,301.11,228.65,285.81,266.93,327.45
23478,46.4494,8.5394,354.22,353.39,352.57,351.74,350.91,350.08,351.07,352.05,353.04,354.03,355.02,353.61,264.99,351.32,290.05,324.14,244.87,257.65,241.97,251.84,256.25,261.43,328.07,279.58,203.54,267.25,245.02,310.77
23488,46.2661,8.5847,753.28,752.59,751.86,751.11,750.32,749.49,755.07,760.67,766.29,771.93,777.59,772.06,528.94,694.04,587.56,602.20,468.45,489.70,484.42,461.65,516.47,507.44,643.95,528.31,380.86,522.64,448.34,604.68
23489,46.2739,8.7736,806.66,806.48,806.26,806.01,805.73,805.42,812.60,819.82,827.07,834.35,841.66,826.60,556.77,653.03,605.07,601.76,507.33,518.93,498.90,485.51,503.49,505.65,644.93,518.15,369.76,512.58,448.03,590.44
23495,46.3544,8.6356,579.80,579.28,578.74,578.20,577.63,577.06,580.68,584.32,587.98,591.64,595.31,587.22,408.64,521.44,445.07,467.48,368.43,381.19,374.87,367.43,397.17,393.74,500.55,425.42,297.79,398.13,353.58,474.87
23496,46.1292,8.9900,1066.94,1065.88,1064.78,1063.64,1062.46,1061.23,1073.36,1085.56,1097.82,1110.14,1122.52,1014.33,860.21,949.78,838.32,807.07,758.18,737.64,754.41,681.89,693.84,833.96,835.99,743.62,583.22,759.40,695.82,762.26
23497,46.3567,8.7925,638.64,638.43,638.21,637.97,637.71,637.43,642.11,646.82,651.54,656.27,661.03,629.26,447.62,528.71,481.46,479.76,405.76,424.02,412.49,392.80,414.51,408.26,523.21,428.66,312.28,406.31,369.58,479.36
38426,57.1180,-3.8500,113.25,114.25,115.25,116.24,117.24,118.22,121.01,123.79,126.56,129.32,132.08,156.15,157.96,143.48,135.53,108.59,133.88,115.13,121.42,114.56,111.25,131.73,117.28,106.00,158.48,100.45,108.90,99.18
38433,56.7580,-5.6120,171.99,173.25,174.51,175.77,177.04,178.31,181.02,183.73,186.45,189.17,191.90,200.51,222.05,272.39,208.82,230.80,215.11,166.71,147.88,215.94,157.59,223.39,141.70,164.67,222.80,192.55,172.54,156.28
38434,56.7552,-3.2247,222.43,223.25,224.06,224.87,225.68,226.49,231.86,237.22,242.58,247.92,253.26,262.71,376.84,248.91,281.35,224.45,290.75,180.61,228.37,234.71,218.33,277.39,199.45,234.85,285.53,245.14,216.73,207.69
38435,56.2282,-4.5099,200.90,206.90,212.91,218.91,224.91,230.91,239.48,248.05,256.62,265.19,273.75,290.48,363.90,335.50,311.59,304.84,291.98,213.01,241.66,305.75,219.83,332.86,238.48,255.92,325.49,275.86,239.94,239.83
38436,56.2163,-4.3381,241.37,247.05,252.72,258.39,264.05,269.72,279.10,288.48,297.85,307.22,316.58,330.15,432.04,381.87,350.79,352.87,339.87,253.80,287.97,343.27,254.58,380.10,280.22,295.53,380.20,311.00,285.75,277.38
38437,55.0895,-4.4242,364.73,364.63,364.53,364.42,364.31,364.20,370.01,375.80,381.55,387.28,392.97,388.32,501.50,430.40,393.20,387.64,425.06,317.64,412.65,392.50,327.83,459.58,333.70,381.41,412.69,365.36,358.76,376.54
38438,55.0034,-4.2655,434.73,434.24,433.74,433.24,432.73,432.23,439.15,446.03,452.90,459.73,466.54,480.63,609.62,502.85,477.91,446.15,502.13,373.05,496.53,457.59,380.89,538.27,400.68,453.01,497.19,412.89,427.42,428.85
38439,55.0780,-4.4310,371.72,371.59,371.46,371.33,371.19,371.05,376.93,382.79,388.62,394.42,400.20,395.01,510.87,437.10,400.32,393.23,431.24,322.80,419.66,400.25,332.16,469.36,338.88,387.77,418.41,371.34,365.26,383.58
38418,54.4757,-3.2922,447.43,454.46,461.48,468.49,475.49,482.48,496.20,509.91,523.59,537.27,550.92,488.07,538.66,458.68,541.33,474.22,561.97,446.26,539.55,481.47,374.46,533.75,446.64,481.49,540.39,467.53,461.34,481.94
38419,54.4840,-3.0912,396.35,402.29,408.21,414.10,419.97,425.81,438.20,450.53,462.82,475.06,487.24,432.17,494.84,410.71,464.92,424.38,507.49,354.45,459.94,400.93,349.42,464.73,376.50,429.87,494.75,379.12,399.85,387.01
38420,53.4930,-1.8270,641.09,648.01,654.95,661.91,668.89,675.88,695.63,715.43,735.28,755.18,775.13,757.14,702.12,618.48,662.58,667.69,680.79,577.62,652.57,589.44,567.81,593.18,673.78,646.77,715.10,521.47,619.78,562.40
38421,51.0450,0.0760,561.24,560.96,560.69,560.42,560.14,559.87,570.32,580.77,591.22,601.68,612.13,599.49,550.60,498.56,578.70,507.61,529.38,491.49,496.30,523.09,428.95,459.64,539.33,519.33,544.00,489.49,542.56,512.41
38422,53.0088,-4.0085,396.26,398.78,401.25,403.69,406.08,408.44,417.44,426.34,435.15,443.85,452.45,467.97,430.99,365.90,416.88,406.90,462.28,386.88,469.04,403.01,321.27,376.99,406.72,386.96,462.94,379.84,431.40,415.79
38423,52.7955,-3.9621,393.45,399.72,405.96,412.19,418.40,424.59,436.64,448.66,460.65,472.60,484.52,481.73,471.39,389.47,431.92,406.30,467.07,399.87,501.65,439.89,334.81,409.71,433.40,418.24,462.40,403.10,453.04,422.75
38424,52.4570,-3.4800,485.65,485.48,485.26,484.98,484.64,484.25,493.49,502.52,511.34,519.93,528.31,499.04,520.30,460.26,452.50,448.56,478.40,428.60,470.84,457.23,426.34,437.16,493.57,462.78,514.37,427.16,495.69,392.68
38425,55.1010,-6.1620,450.69,454.79,458.90,463.02,467.16,471.31,482.08,492.89,503.74,514.64,525.57,523.95,522.38,555.24,473.91,474.86,493.69,392.09,470.01,502.30,439.87,536.15,421.87,502.67,555.63,435.53,463.22,463.78
38427,54.1530,-6.0040,666.58,665.87,665.16,664.44,663.72,662.99,672.77,682.58,692.42,702.28,712.17,735.47,778.50,677.57,693.51,705.82,662.21,609.68,632.63,683.63,637.11,687.17,648.57,685.80,725.77,553.41,652.80,624.47
38428,54.1542,-5.9675,615.57,614.96,614.33,613.71,613.08,612.44,621.39,630.35,639.33,648.34,657.36,679.99,721.07,626.57,642.18,653.97,610.59,562.07,586.30,633.40,587.36,637.36,601.53,643.39,676.34,525.09,617.74,590.98
38429,54.7400,-7.0060,575.87,573.75,571.64,569.53,567.42,565.32,573.36,581.33,589.24,597.07,604.84,530.71,629.69,571.08,498.81,508.03,550.14,457.57,506.13,547.30,441.82,551.29,516.73,535.79,619.17,449.73,491.47,447.53
38430,50.5050,-4.0210,410.62,409.95,409.27,408.59,407.92,407.24,414.82,422.37,429.89,437.37,444.82,421.56,485.41,430.65,420.61,388.97,478.50,388.20,431.66,358.37,342.88,432.30,388.39,392.53,453.48,326.48,374.30,340.91
38431,52.3790,-3.6850,409.79,411.65,413.44,415.18,416.85,418.47,427.60,436.56,445.36,454.00,462.47,434.68,439.08,409.96,381.02,372.87,422.90,368.14,432.06,387.20,341.84,389.14,420.56,382.68,432.99,373.84,433.58,369.54
38432,57.4917,-5.4306,102.75,104.09,105.42,106.77,108.11,109.46,111.57,113.68,115.80,117.92,120.05,123.67,117.57,154.50,136.43,116.32,136.73,100.07,98.30,108.66,98.19,130.97,91.67,96.17,133.53,87.82,91.70,81.93
-1,49.2278,20.0088,547.84,523.38,499.04,474.84,450.76,426.82,420.02,413.26,406.53,399.84,393.17,417.75,340.20,426.44,356.45,351.43,310.62,370.77,388.93,377.37,286.17,381.74,356.21,285.08,294.88,351.67,312.65,372.16
-2,49.2293,19.9977,548.74,524.31,500.00,475.83,451.78,427.87,421.07,414.31,407.58,400.88,394.21,420.12,342.23,425.12,357.46,351.44,310.46,370.86,389.07,375.96,286.89,382.71,355.95,285.48,295.79,351.96,313.36,373.25
