period,region,variable,n_vals,mean,median,std_dev,iqr,mk_p_val,mk_trend,sen_slp
1990-2020,SoNord,SO4_µeq/l,4353,75.35067316796265,58.46248657111687,61.77965384828632,69.24723302547532,0.0,decreasing,-1.7696977772595914
1990-2020,SoNord,NO3-N_µeq/l,4352,4.384439830619758,2.928571428571429,4.8636914025858395,4.25,0.0,decreasing,-0.05612244897959186
1990-2020,SoNord,Cl_µeq/l,4339,108.6110816031768,78.41367444221927,97.97830691543574,123.24205285871436,0.0,decreasing,-0.21428571428571427
1990-2020,SoNord,Ca_µeq/l,4349,94.97764107907419,77.34530938123753,72.56477621960235,114.55753493013975,0.0,decreasing,-0.49900199600798345
1990-2020,SoNord,Mg_µeq/l,4348,53.86476933763626,46.89042448173741,37.20745330070139,53.0188795656466,0.0,decreasing,-0.2630384419835371
1990-2020,SoNord,CaMg_µeq/l,4352,148.77407846400934,128.33538254192504,105.86987168402118,164.37563965726,0.0,decreasing,-0.7645697137169805
1990-2020,SoNord,H_µeq/l,4337,4.047891185246058,1.421496925445368,5.8174574295999175,5.156564582437046,0.0,decreasing,-0.016148029312266936
1990-2020,SoNord,SAA_µeq/l,4350,188.38519654901168,151.79822308912628,141.51565945993212,174.015973307009,0.0,decreasing,-2.1229566176131414
1990-2020,SoNord,ANC_µeq/l,4350,89.4351930907985,67.95753020947464,89.24342663450129,138.95310362669835,0.0,increasing,1.3669779350706874
1990-2020,SoNord,OrgAnions_µeq/l,4345,88.65935233782565,83.98849091879283,63.50719043102485,89.25675024170158,0.0,increasing,0.8155498690527778
1990-2020,SoNord,HCO3_µeq/l,4343,25.599529090347737,0.0,44.64899329771011,33.07759034293689,0.0,increasing,0.0
1990-2020,NoNord,SO4_µeq/l,1372,55.964469081804694,44.76294377774261,45.057841988233925,41.983477268752544,0.0,decreasing,-0.8327989540045131
1990-2020,NoNord,NO3-N_µeq/l,1374,1.5859664171345378,0.7857142857142857,2.305051687560679,1.7142857142857144,0.0,decreasing,-0.010504201680672258
1990-2020,NoNord,Cl_µeq/l,1365,111.29017709976424,91.95272614447296,88.6051068772162,112.03226807322369,1.199040866595169e-14,decreasing,-0.13636363636363635
1990-2020,NoNord,Ca_µeq/l,1368,91.30605158469618,57.99710578842317,154.58319881859254,59.88023952095809,0.000734841585803947,decreasing,-0.03564299971485602
1990-2020,NoNord,Mg_µeq/l,1367,47.5548482685345,41.954590325765054,35.560012936458385,30.43764396182955,2.074362903670135e-11,decreasing,-0.05893172161373009
1990-2020,NoNord,CaMg_µeq/l,1371,138.70896676344313,97.77582052085369,185.90055679193136,85.13130081150632,8.240524154157214e-07,decreasing,-0.1451608272979109
1990-2020,NoNord,H_µeq/l,1367,1.5832561283571076,0.645654229034655,2.978018424411928,0.972021785676297,0.0,decreasing,-0.00789675048190964
1990-2020,NoNord,SAA_µeq/l,1372,168.46747514272732,140.50181987167343,116.0232673807903,141.87035322754443,0.0,decreasing,-1.1352706944001036
1990-2020,NoNord,ANC_µeq/l,1370,93.08414714463876,48.256672748628986,177.96865627813713,78.4109641458875,0.0,increasing,1.1035437250883717
1990-2020,NoNord,OrgAnions_µeq/l,1364,56.522045172202084,30.429693491604652,54.16063615501018,71.65711436455396,0.0,increasing,0.2663655052880667
1990-2020,NoNord,HCO3_µeq/l,1363,47.816414560555806,8.427161721118487,148.2351857252344,32.37955515492195,0.0,increasing,0.049766251434477264
1990-2020,WCE,SO4_µeq/l,89,263.03670252599125,220.98568834997545,135.7888028545428,149.90381172081248,0.0,decreasing,-4.7588511657400785
1990-2020,WCE,NO3-N_µeq/l,85,47.8506462184874,35.42857142857143,53.47913639851518,22.28571428571429,0.355241897811283,no trend,-0.18831168831168876
1990-2020,WCE,Cl_µeq/l,89,163.1983410858561,141.03178856514256,74.19640265169213,139.05734352523058,0.4687009555819679,no trend,0.0
1990-2020,WCE,Ca_µeq/l,89,169.2446567539079,169.86027944111777,58.963565939239096,87.82435129740519,1.016933930397812e-06,decreasing,-0.9980039920159698
1990-2020,WCE,Mg_µeq/l,89,159.99728251827366,150.2138861467588,35.923922138896955,48.53570253372817,0.0026390418953334827,decreasing,-0.6120434353405722
1990-2020,WCE,CaMg_µeq/l,89,329.83417350664206,320.4545499327111,93.43345244918868,129.19866092100108,4.32829036494109e-05,decreasing,-1.5743217415120454
1990-2020,WCE,H_µeq/l,89,17.680430013491556,7.943282347242822,23.571309541802346,24.687316639574945,2.34079422511968e-12,decreasing,-0.055476635758290004
1990-2020,WCE,SAA_µeq/l,85,479.9259826624637,434.1005125166814,169.18301022442714,188.43095952560446,7.238654120556021e-14,decreasing,-4.230284251311507
1990-2020,WCE,ANC_µeq/l,85,24.258340638058154,40.536956446630334,87.08114555298168,87.79446082107404,2.7495339338656777e-11,increasing,3.8413697202882493
1990-2020,WCE,OrgAnions_µeq/l,86,52.97362098942635,49.11038661258,35.24093965522975,53.964752623286934,5.426060198931992e-07,increasing,1.1312657125418435
1990-2020,WCE,HCO3_µeq/l,83,30.55419788888325,0.0,45.6759550798563,60.538743831183794,0.24569867355591013,no trend,0.0
1990-2020,ECE,SO4_µeq/l,680,76.21195790586407,47.173635125794284,88.93359205172158,51.82247719299889,0.0,decreasing,-1.9771045397385167
1990-2020,ECE,NO3-N_µeq/l,676,23.880634872092593,21.428571428571427,19.540068341567,24.681412439102054,0.0,decreasing,-0.4758544458229943
1990-2020,ECE,Cl_µeq/l,669,11.98965180683259,5.846331763179419,15.083912722759804,12.296784475220713,0.0,decreasing,-0.08335566336652252
1990-2020,ECE,Ca_µeq/l,675,99.42534616741337,84.30741588092836,80.29634746168345,110.51751497005992,0.0,decreasing,-0.5660680633020405
1990-2020,ECE,Mg_µeq/l,673,23.27732899253653,13.817720434353404,23.30387612358138,25.301954663875403,0.0,decreasing,-0.10146409262724373
1990-2020,ECE,CaMg_µeq/l,677,122.81065808700592,98.01898983987408,95.53978760455871,112.50383075107436,0.0,decreasing,-0.7254180875866154
1990-2020,ECE,H_µeq/l,680,8.611791930032611,2.0555179784504105,14.831896794844882,10.516326185493453,0.0,decreasing,-0.055106360211313946
1990-2020,ECE,SAA_µeq/l,675,111.55396845809281,83.58662856735342,108.58051174239432,67.61958577492567,0.0,decreasing,-2.6126215060674145
1990-2020,ECE,ANC_µeq/l,667,49.76420389856776,29.053809614389458,91.22387573414733,103.19356856253731,0.0,increasing,2.3208702633327647
1990-2020,ECE,OrgAnions_µeq/l,625,29.772380818536657,12.981838127337443,34.55750655468063,37.960486608662606,0.0,increasing,0.30785407423256195
1990-2020,ECE,HCO3_µeq/l,624,50.070938580236906,3.7281959406058993,77.17876482575303,87.23888265210473,0.0,increasing,0.0
1990-2020,AdsCsk,SO4_µeq/l,1542,70.28387252302379,71.65753615388459,29.74973697209415,43.847801892223316,0.0,decreasing,-2.6965370414118413
1990-2020,AdsCsk,NO3-N_µeq/l,1542,9.46659149797839,7.841884678279607,8.441344333994813,12.883750000000001,0.0,decreasing,-0.14365151515151525
1990-2020,AdsCsk,Cl_µeq/l,1542,8.811580282233948,7.8343370095619544,4.607917476060966,3.5697581754986834,0.0,decreasing,-0.08299297661692945
1990-2020,AdsCsk,Ca_µeq/l,1523,79.80652782941775,72.53617764471058,42.93755326251076,54.649756736526946,0.0,decreasing,-0.8765851055393998
1990-2020,AdsCsk,Mg_µeq/l,1491,27.74179566995446,25.40745310957552,14.698220484751346,17.21150049358342,0.0,decreasing,-0.30530575113533787
1990-2020,AdsCsk,CaMg_µeq/l,1503,107.2339421860566,97.76109917381426,54.491243942397155,73.19335298236348,0.0,decreasing,-1.2517989329829973
1990-2020,AdsCsk,H_µeq/l,1542,6.123748857416589,1.7158992084110716,9.3969517898324,7.040191580601773,0.0,decreasing,-0.03030458655915614
1990-2020,AdsCsk,SAA_µeq/l,1542,89.3232627524081,89.94701002333088,36.317744651186466,54.31718241842337,0.0,decreasing,-3.0242781007276793
1990-2020,AdsCsk,ANC_µeq/l,1496,45.41458357516592,31.3597574637891,53.65706283802575,74.01040115924962,0.0,increasing,1.6003783944076744
1990-2020,AdsCsk,OrgAnions_µeq/l,1541,58.30839018588519,52.62156034453916,30.126091271734563,36.154440423774126,0.0,increasing,0.6787884058069574
1990-2020,AdsCsk,HCO3_µeq/l,1526,17.488324772991643,0.0,40.63624493020459,18.21166931512873,0.0,increasing,0.0
1990-2020,Ont,SO4_µeq/l,325,99.02294913959497,101.91748541063984,24.57674756312351,32.895558683178294,0.0,decreasing,-2.6024967312641083
1990-2020,Ont,NO3-N_µeq/l,328,9.232593148088887,6.191591276009861,9.160185515049323,13.634060520760027,1.5513216866658297e-07,decreasing,-0.041070640000389805
1990-2020,Ont,Cl_µeq/l,328,24.320324831103914,9.463233012721066,34.11798650499393,5.511935982054938,0.0,decreasing,-0.13431598910965958
1990-2020,Ont,Ca_µeq/l,328,132.57001152633634,116.82577354435654,58.57546065981062,67.07599684821257,0.0,decreasing,-1.124886068072957
1990-2020,Ont,Mg_µeq/l,328,43.158540633887654,38.910825929582096,12.604383961249447,18.577225238565312,0.0,decreasing,-0.4171608026170549
1990-2020,Ont,CaMg_µeq/l,328,175.6459864774326,168.54738203750446,59.99738687659717,78.34796842642453,0.0,decreasing,-1.5764583770282716
1990-2020,Ont,H_µeq/l,328,0.917615987138038,0.5520832934077676,0.8192327457738874,1.1774116491059934,1.3032390677736316e-07,decreasing,-0.0038440013019410673
1990-2020,Ont,SAA_µeq/l,328,133.95271341611456,129.85917313077073,42.02262511116217,37.30640435838974,0.0,decreasing,-2.7016403722453792
1990-2020,Ont,ANC_µeq/l,327,88.91824928611153,81.79371462433394,55.19851599013363,68.10419134218157,0.0,increasing,1.2192326915343548
1990-2020,Ont,OrgAnions_µeq/l,328,48.405187321889684,50.11563830809159,13.2242043191798,15.998698708980768,0.0,increasing,0.3164718658886726
1990-2020,Ont,HCO3_µeq/l,327,44.01345177625193,33.18945001578561,50.50511884026954,69.66167273136554,0.0,increasing,0.19641107971972566
1990-2020,QuMaVt,SO4_µeq/l,1353,62.2741522640043,57.931577237938995,25.938205066998535,33.311958160180545,0.0,decreasing,-1.734997820842736
1990-2020,QuMaVt,NO3-N_µeq/l,1349,1.695426269325546,2.357142857142857,1.3921617214463544,2.0357142857142856,0.0,decreasing,0.0
1990-2020,QuMaVt,Cl_µeq/l,1324,22.16311057967833,9.872225199559981,25.49394656159917,17.10386638648351,4.6629367034256575e-15,decreasing,-0.08295987562655442
1990-2020,QuMaVt,Ca_µeq/l,1338,90.49810676558985,76.3880988023952,59.30780312075713,44.49226546906188,0.0,decreasing,-0.806719893546242
1990-2020,QuMaVt,Mg_µeq/l,1335,34.64662212953714,30.848963474827244,18.04893631745921,14.019582649934762,0.0,decreasing,-0.3320480142625588
1990-2020,QuMaVt,CaMg_µeq/l,1335,125.00171947546109,108.46123646093795,75.17475853915937,59.03697294453542,0.0,decreasing,-1.153052121461804
1990-2020,QuMaVt,H_µeq/l,1354,1.656530231050287,0.4466835921509635,4.820905268541303,0.7254516425148455,0.0,decreasing,-0.0070798314261012124
1990-2020,QuMaVt,SAA_µeq/l,1328,86.70159436386056,80.71539437273796,32.10731268959385,44.57492615012464,0.0,decreasing,-1.9663308636217682
1990-2020,QuMaVt,ANC_µeq/l,1310,87.85561615646597,65.90606908337566,75.17467316319721,71.17708416038022,0.0,increasing,0.6978355041983345
1990-2020,QuMaVt,OrgAnions_µeq/l,1348,57.80421717863218,56.148399009028836,23.297645741663864,28.874232648362742,0.0,increasing,0.2652049197965688
1990-2020,QuMaVt,HCO3_µeq/l,1308,38.868324543543046,13.707072686153623,63.88902005111515,45.87290418699995,3.3084646133829665e-14,increasing,0.0
1990-2020,AtlCan,SO4_µeq/l,1501,41.445160962865884,39.557950315214406,20.066720210568416,23.94296992762977,0.0,decreasing,-0.9368988232550782
1990-2020,AtlCan,NO3-N_µeq/l,1500,1.5327142857142646,1.4285714285714286,0.604463183568224,0.0,1.2415719052860652e-07,decreasing,0.0
1990-2020,AtlCan,Cl_µeq/l,1497,144.5124568753149,113.38955800637461,77.52531146644068,57.82303331170846,0.0002530095994097703,increasing,0.18132658529803994
1990-2020,AtlCan,Ca_µeq/l,1496,42.49912607939202,38.423153692614775,22.914686727756802,31.499500998003995,0.0001891259963668901,decreasing,-0.04678143712574778
1990-2020,AtlCan,Mg_µeq/l,1500,41.347839201491574,34.139519578808816,20.824540175705984,21.388614675880227,4.440892098500626e-16,decreasing,-0.10282987824942458
1990-2020,AtlCan,CaMg_µeq/l,1498,83.94304796291142,74.7340462214761,40.20896252854232,57.14638097940348,1.9206458645726343e-10,decreasing,-0.16375372228325702
1990-2020,AtlCan,H_µeq/l,1501,6.843299063467234,1.8854059216518744,9.634080081986289,10.104972568444623,0.0,decreasing,-0.03824001913778227
1990-2020,AtlCan,SAA_µeq/l,1498,187.57947381533182,154.98790676993895,91.77777203078438,76.26827517762715,0.0,decreasing,-0.7893455282935604
1990-2020,AtlCan,ANC_µeq/l,1497,51.78374541542217,45.15873483508621,35.01542118043462,43.6115022912109,0.0,increasing,0.770205281626412
1990-2020,AtlCan,OrgAnions_µeq/l,1500,79.29709860025928,70.59668931393814,42.5924262315793,53.69329376256652,0.0,increasing,0.5880627288480458
1990-2020,AtlCan,HCO3_µeq/l,1499,5.497860467004249,0.0,13.523111849790391,2.9584039961680144,0.00019402516226385558,increasing,0.0
1990-2020,UK-IE-NL,SO4_µeq/l,676,77.28988411799665,59.32131049243402,72.40258234694396,34.24104949324183,0.0,decreasing,-1.4100563880600854
1990-2020,UK-IE-NL,NO3-N_µeq/l,672,12.072663093235477,8.571428571428571,10.479360431154548,10.735438207402858,0.0,decreasing,-0.10714285714285715
1990-2020,UK-IE-NL,Cl_µeq/l,676,221.5836173193376,208.233435816433,95.83304003823079,102.95320565255409,0.0,decreasing,-1.6667393194062297
1990-2020,UK-IE-NL,Ca_µeq/l,676,63.32982246364931,46.656686626746506,41.528346310560266,42.97654690618762,0.0,decreasing,-0.44510338297763496
1990-2020,UK-IE-NL,Mg_µeq/l,675,62.71378068265257,53.47153668970056,31.37204499646666,24.84369858506087,0.0,decreasing,-0.38879042149032284
1990-2020,UK-IE-NL,CaMg_µeq/l,676,126.5220898393065,102.74789759080062,71.06141223882885,57.01467868803361,0.0,decreasing,-0.8226390259953895
1990-2020,UK-IE-NL,H_µeq/l,674,5.631813645805202,2.5148841205665002,7.797280029082673,6.168270477551715,0.0,decreasing,-0.07747429982187598
1990-2020,UK-IE-NL,SAA_µeq/l,672,318.2987713154906,283.09038362210504,152.20527626257666,142.0302092021916,0.0,decreasing,-3.602048819999555
1990-2020,UK-IE-NL,ANC_µeq/l,672,27.209177439627823,17.981543089057467,51.72652766526945,51.877635199521556,0.0,increasing,1.473133353487621
1990-2020,UK-IE-NL,OrgAnions_µeq/l,674,56.62776729804701,40.125731129678385,45.307044420293686,43.57944694370444,0.0,increasing,0.774227574064103
1990-2020,UK-IE-NL,HCO3_µeq/l,671,5.382092308902589,0.0,19.126145548563965,0.0,6.726992096695028e-08,increasing,0.0
1990-2004,SoNord,SO4_µeq/l,2113,95.23702413998826,78.94934083962791,69.84087163754147,87.44389017047394,0.0,decreasing,-3.0633752433097854
1990-2004,SoNord,NO3-N_µeq/l,2113,5.045417821648309,3.357142857142857,5.420800234503086,4.892857142857142,0.0,decreasing,-0.05844155844155846
1990-2004,SoNord,Cl_µeq/l,2103,110.93882653960476,78.97780159647984,99.46741284339002,123.58173497306294,0.0,decreasing,-1.0577384142385693
1990-2004,SoNord,Ca_µeq/l,2113,100.7169554525592,82.99585828343314,76.42797816027216,121.06207584830341,0.0,decreasing,-0.7485029940119757
1990-2004,SoNord,Mg_µeq/l,2110,57.912524230813084,49.35834155972359,40.564265526125865,58.79678759460348,0.0,decreasing,-0.5623380429417573
1990-2004,SoNord,CaMg_µeq/l,2113,158.5616847121804,135.07831326488187,113.20491178697593,172.9226640499849,0.0,decreasing,-1.3277369249654685
1990-2004,SoNord,H_µeq/l,2101,5.112175386735911,1.9307194016397549,6.993076965080037,6.7547941704770444,0.0,decreasing,-0.032493986103334094
1990-2004,SoNord,SAA_µeq/l,2111,211.4219073304584,172.75699123140367,151.73527584430497,190.17643990774715,0.0,decreasing,-4.46269468761995
1990-2004,SoNord,ANC_µeq/l,2113,77.35059513804507,56.10319830701374,89.57351262733562,135.54879793463226,0.0,increasing,2.6336805629511195
1990-2004,SoNord,OrgAnions_µeq/l,2110,77.79787028467628,75.40079674020154,55.90508458201216,84.02330253207103,0.0,increasing,0.894894281214011
1990-2004,SoNord,HCO3_µeq/l,2109,24.823824530547935,0.0,44.23520810055461,31.561352040687535,0.0,increasing,0.0
1990-2004,NoNord,SO4_µeq/l,667,66.68703174333693,51.00893593277647,53.46721525385791,54.1319320102934,0.0,decreasing,-1.230271182052123
1990-2004,NoNord,NO3-N_µeq/l,669,1.7817104420243417,1.1071428571428572,2.4158958001696087,1.8571428571428572,0.03595246677132691,decreasing,0.0
1990-2004,NoNord,Cl_µeq/l,662,111.90232353493322,92.3994584379319,88.59810141693933,113.57361506783627,5.99107430332424e-11,decreasing,-0.4090909090909091
1990-2004,NoNord,Ca_µeq/l,665,92.15234515930538,58.383233532934135,154.4273554978002,64.19660678642714,0.00017770522680327083,decreasing,-0.0998003992015974
1990-2004,NoNord,Mg_µeq/l,665,48.84094429063776,42.77722935176045,37.033770185058344,32.08292201382034,4.440892098500626e-15,decreasing,-0.2243560979987439
1990-2004,NoNord,CaMg_µeq/l,667,140.78183850341833,98.25955197206773,186.90511283933665,90.80333902776874,2.7064226415518533e-09,decreasing,-0.44696251271255455
1990-2004,NoNord,H_µeq/l,664,1.829331849806542,0.7585775750291835,3.5520902675859545,1.046584059155954,0.0,decreasing,-0.01587279877455325
1990-2004,NoNord,SAA_µeq/l,667,179.90600954998686,150.80295679320056,123.97911170146637,155.79431046994662,0.0,decreasing,-2.050211023200652
1990-2004,NoNord,ANC_µeq/l,666,83.10973826789653,36.72292586077076,176.39838859988788,76.19660018455386,0.0,increasing,1.752719475678562
1990-2004,NoNord,OrgAnions_µeq/l,661,51.11752845680749,28.574850996374188,47.59497144342474,64.9415714889388,1.901148571903377e-09,increasing,0.22163240302489554
1990-2004,NoNord,HCO3_µeq/l,661,42.838258288441274,3.0859573621476937,146.92542084154343,20.35483814908477,0.0,increasing,0.0
1990-2004,WCE,SO4_µeq/l,45,312.21339066691473,246.37128675766382,148.8020676516139,222.77372019620745,3.738943377129544e-09,decreasing,-6.0146591122548205
1990-2004,WCE,NO3-N_µeq/l,41,40.67073170731708,33.857142857142854,22.70620014472796,18.892857142857142,0.011112785554695748,decreasing,-1.3452380952380953
1990-2004,WCE,Cl_µeq/l,45,161.4748164236219,141.03178856514256,71.1684961662442,135.67258059966716,8.147083042686631e-05,decreasing,-1.6923814627817038
1990-2004,WCE,Ca_µeq/l,45,181.5502328675981,175.17465069860282,66.88808965565336,102.29540918163673,2.1995298742139013e-05,decreasing,-3.326679973386566
1990-2004,WCE,Mg_µeq/l,45,164.78922160067273,150.2138861467588,37.91105639566895,69.10167818361302,0.01984698894734449,decreasing,-1.3710650433256621
1990-2004,WCE,CaMg_µeq/l,45,347.0160326489721,323.0609117401919,103.48244673147418,158.8678516609427,0.0006067668456359865,decreasing,-5.149442656462182
1990-2004,WCE,H_µeq/l,45,27.32561628770438,19.952623149688787,29.131338767664012,49.4730691336926,0.008059601705556751,decreasing,-0.10227002429848409
1990-2004,WCE,SAA_µeq/l,41,517.9580819117568,475.58650861666104,175.62648797381493,214.55992290771445,7.110273703148096e-09,decreasing,-8.939561645242065
1990-2004,WCE,ANC_µeq/l,41,-1.1316497569883928,-0.8743164939923139,71.30120306809813,90.45025599826386,0.03741686796674282,increasing,4.143343561665351
1990-2004,WCE,OrgAnions_µeq/l,43,42.85643590188126,42.93163378389751,20.982739291708068,34.00939346239521,0.00011573900250128055,increasing,1.3379878806570271
1990-2004,WCE,HCO3_µeq/l,40,26.48151805192679,3.779372691879905,35.90489508982686,55.899404694467606,0.4598029214524013,no trend,0.0
1990-2004,ECE,SO4_µeq/l,327,101.24577586469456,64.12401175912125,108.29996165101659,57.07590254586638,0.0,decreasing,-3.5272944708963268
1990-2004,ECE,NO3-N_µeq/l,324,27.62380805668088,27.388248847926285,19.961677917847634,23.966491071428578,0.0,decreasing,-0.7310336936056032
1990-2004,ECE,Cl_µeq/l,318,13.798889248485949,6.403125264434603,18.892536547899965,14.031871421318366,2.220446049250313e-16,decreasing,-0.205085606295659
1990-2004,ECE,Ca_µeq/l,322,106.98101978812568,87.17310878243514,81.99133073368584,120.15548902195607,0.0,decreasing,-1.4583258483033938
1990-2004,ECE,Mg_µeq/l,320,25.21573549528727,14.436229877591312,24.208368431043137,27.996540539980266,0.0,decreasing,-0.3281486136417052
1990-2004,ECE,CaMg_µeq/l,324,132.39470334368667,95.96612188850335,97.58623569257298,111.90276478533553,0.0,decreasing,-2.146250000000002
1990-2004,ECE,H_µeq/l,327,11.87849750605117,4.704182363989028,17.443530537883937,17.351636370885423,0.0,decreasing,-0.11957288266318024
1990-2004,ECE,SAA_µeq/l,323,142.03726326792273,102.96794878328073,133.2069989890225,69.21621382212156,0.0,decreasing,-4.729352660868017
1990-2004,ECE,ANC_µeq/l,315,28.862799664512497,14.09796827696576,93.49098832065322,114.39820091062592,0.0,increasing,2.91082053228944
1990-2004,ECE,OrgAnions_µeq/l,274,23.087738940299324,10.620529853568247,27.859686360069933,27.352730758837264,4.422339339171799e-08,increasing,0.29106169793308323
1990-2004,ECE,HCO3_µeq/l,272,43.59169872745991,1.5153935297409964,68.50730236242279,76.04568810116409,2.8193620771332917e-09,increasing,0.0
1990-2004,AdsCsk,SO4_µeq/l,719,90.53794708085017,93.28830172514303,24.016115749436782,27.588476430748614,0.0,decreasing,-2.0900967014442235
1990-2004,AdsCsk,NO3-N_µeq/l,719,11.281995827538253,10.6,9.189230514528782,14.3925,0.0149249557201383,decreasing,-0.05499999999999999
1990-2004,AdsCsk,Cl_µeq/l,719,9.34232135558266,8.459284122641241,3.953486195200452,2.957249739091189,0.003154084522841716,decreasing,-0.01999830761853743
1990-2004,AdsCsk,Ca_µeq/l,719,86.24240866320206,78.13396956087826,43.43451974806306,56.31808882235529,0.0,decreasing,-0.967253253908849
1990-2004,AdsCsk,Mg_µeq/l,719,30.274618416771148,27.866238894373144,15.091781781695428,18.565831688055276,0.0,decreasing,-0.20489881539980281
1990-2004,AdsCsk,CaMg_µeq/l,719,116.55017210850826,106.1704122603756,55.69201325993419,72.08793785824206,0.0,decreasing,-1.2154426694899119
1990-2004,AdsCsk,H_µeq/l,719,7.25059689956062,2.7873448128470724,10.426828167701569,8.790642153271744,1.613724043281195e-09,decreasing,-0.015482064694525888
1990-2004,AdsCsk,SAA_µeq/l,719,112.16048668282465,117.00749693545171,31.28230233243193,35.375786669230735,0.0,decreasing,-2.1899043966492187
1990-2004,AdsCsk,ANC_µeq/l,719,34.641082915006194,18.173262627461227,53.32204342782489,69.75195579560355,0.0,increasing,1.3211686293796507
1990-2004,AdsCsk,OrgAnions_µeq/l,719,52.997355025673166,47.88153331374394,27.774757025239225,33.08128494224104,8.521405803207927e-12,increasing,0.4015202301982065
1990-2004,AdsCsk,HCO3_µeq/l,719,11.886684302422129,0.0,28.278495686660083,7.147481280581157,3.093610718951645e-05,increasing,0.0
1990-2004,Ont,SO4_µeq/l,177,114.77816329625394,112.21965905210824,15.561672574080264,18.737976465101568,0.0,decreasing,-1.5198580910582393
1990-2004,Ont,NO3-N_µeq/l,180,9.284959126984122,6.464214285714285,8.73456227325708,12.38425,0.04389329486860083,decreasing,-0.037946428571428895
1990-2004,Ont,Cl_µeq/l,180,24.4916587532163,10.351733280681463,32.5339455004125,5.955067272163145,0.2294569294936939,no trend,0.028206357713028415
1990-2004,Ont,Ca_µeq/l,180,136.59098469727212,120.25948103792416,53.48884270190649,58.582834331337324,3.374012180756836e-11,decreasing,-1.1909834177798273
1990-2004,Ont,Mg_µeq/l,180,45.898230412050765,41.04968739717012,13.084305271288484,20.08267522211254,2.353672812205332e-14,decreasing,-0.41131951299769653
1990-2004,Ont,CaMg_µeq/l,180,182.3953146684584,174.6886040357587,53.700994313836105,73.19956582392965,1.014077710692618e-12,decreasing,-1.6086073009614883
1990-2004,Ont,H_µeq/l,180,0.9790351639092647,0.6088682293921128,0.8508305433739153,1.3693262863188198,1.3515188426183045e-06,decreasing,-0.008583352500133958
1990-2004,Ont,SAA_µeq/l,180,150.11463979262962,136.49227314578837,34.94276261779501,24.88069540967058,1.414846018121807e-10,decreasing,-1.336011918779134
1990-2004,Ont,ANC_µeq/l,180,79.46936560445967,73.27552235130051,50.4366056452144,58.67269008521505,0.012419330651552318,increasing,0.32865803871161725
1990-2004,Ont,OrgAnions_µeq/l,180,45.98364429675991,48.75852454225897,12.289429941694111,16.29110089989959,8.867162559766939e-10,increasing,0.35163099041816637
1990-2004,Ont,HCO3_µeq/l,180,37.83023545901299,25.321026680872276,44.7767898633709,63.200528342228566,0.5693091754147848,no trend,0.0
1990-2004,QuMaVt,SO4_µeq/l,663,75.72612666000973,70.78791109038367,25.34305318359181,37.244601380780665,0.0,decreasing,-1.4871409892937737
1990-2004,QuMaVt,NO3-N_µeq/l,664,2.02488274526679,2.357142857142857,1.46254965829921,1.7383928571428573,0.6157242685117967,no trend,0.0
1990-2004,QuMaVt,Cl_µeq/l,661,23.534688763325303,9.872225199559981,27.65262674578672,11.946802809353228,0.0014795175836912478,increasing,0.0
1990-2004,QuMaVt,Ca_µeq/l,664,96.67273318573702,83.52045908183632,61.01682732855683,42.34031936127744,0.0,decreasing,-0.9979977544910241
1990-2004,QuMaVt,Mg_µeq/l,664,37.31056782039311,33.71335143139191,18.814253810201915,13.78948667324778,0.0,decreasing,-0.32905561039815723
1990-2004,QuMaVt,CaMg_µeq/l,664,133.992649398556,119.0959640442708,78.24566424592257,56.18333914599232,0.0,decreasing,-1.337623974656804
1990-2004,QuMaVt,H_µeq/l,664,1.8665467250290417,0.4822512532640951,5.347138226142749,0.8834333447080096,0.0,decreasing,-0.012865259516043476
1990-2004,QuMaVt,SAA_µeq/l,664,101.36380657751288,97.41108505189314,31.02731075548326,45.257758552726614,0.0,decreasing,-1.4775754340178184
1990-2004,QuMaVt,ANC_µeq/l,664,84.13779462929662,63.02265764183114,76.82259034571459,70.30703920866047,1.1459174298344976e-06,increasing,0.5548920087516546
1990-2004,QuMaVt,OrgAnions_µeq/l,659,55.13467406227218,52.19042600590166,23.160826615741026,27.199347344391164,2.3313969137461754e-06,increasing,0.1841943370133869
1990-2004,QuMaVt,HCO3_µeq/l,659,38.27347339735086,11.739337462724931,65.4308250661607,41.77527673507649,0.005681233853846779,increasing,0.0
1990-2004,AtlCan,SO4_µeq/l,802,48.341590953784724,45.02319345086902,20.8488181697224,23.995019862255056,0.0,decreasing,-0.6896616337849881
1990-2004,AtlCan,NO3-N_µeq/l,802,1.5507659422871318,1.4285714285714286,0.42878975905736216,0.0,0.31348499553037357,no trend,0.0
1990-2004,AtlCan,Cl_µeq/l,802,145.04134693306503,112.75491495783147,81.51970542787707,59.65644656305531,0.0,increasing,1.3539051702253686
1990-2004,AtlCan,Ca_µeq/l,798,43.35983421627921,39.42115768463074,22.970517821502884,32.372754491017965,1.3373460761023637e-07,increasing,0.16633399866932783
1990-2004,AtlCan,Mg_µeq/l,801,42.648493019789676,34.96215860480421,21.634088835593413,23.033892727871002,0.002196326795173009,increasing,0.10282987824942502
1990-2004,AtlCan,CaMg_µeq/l,799,86.23980067989008,75.90741517951264,41.11238163901818,60.77196544719051,2.8373263680769867e-06,increasing,0.30649461196067984
1990-2004,AtlCan,H_µeq/l,802,7.62372918958885,2.3714887606852137,10.1451211429968,11.564536771473747,0.9890843183566242,no trend,0.0
1990-2004,AtlCan,SAA_µeq/l,802,195.10841051326733,161.15878831566937,97.09880864969114,75.05459602251699,1.1118650470987035e-05,increasing,0.6508917329695001
1990-2004,AtlCan,ANC_µeq/l,801,46.48990869360772,40.08757542665703,32.68531907592111,39.65264096352381,1.1479706074624119e-13,increasing,0.668278442895577
1990-2004,AtlCan,OrgAnions_µeq/l,802,73.12190839600434,65.20871723063841,39.1922527735017,50.35218196693313,0.0003151443838844692,decreasing,-0.3544985893793807
1990-2004,AtlCan,HCO3_µeq/l,802,5.159913813902582,0.0,12.275111565585389,3.4674932167064094,0.0,increasing,0.0
1990-2004,UK-IE-NL,SO4_µeq/l,328,96.94315240708346,68.70591370537238,91.85339954896678,32.531209140801316,0.0,decreasing,-2.0819973850112823
1990-2004,UK-IE-NL,NO3-N_µeq/l,325,13.52041070849706,9.785714285714285,11.0046670832048,12.142857142857142,0.6264693757688784,no trend,0.0
1990-2004,UK-IE-NL,Cl_µeq/l,328,235.09777931689712,225.6508617042281,96.715257053873,108.59447719515975,0.0,decreasing,-3.4475332644740044
1990-2004,UK-IE-NL,Ca_µeq/l,328,68.3926853913516,53.39321357285429,43.34545493914947,48.528395429699486,4.440892098500626e-15,decreasing,-0.7485029940119716
1990-2004,UK-IE-NL,Mg_µeq/l,327,66.72108232707888,55.93945376768673,33.71784648830288,25.913129318854878,1.7541523789077473e-14,decreasing,-0.6169792694965448
1990-2004,UK-IE-NL,CaMg_µeq/l,328,135.63853007676275,109.02934998709392,75.17074657637104,62.45739025404275,2.220446049250313e-16,decreasing,-1.4059368922569448
1990-2004,UK-IE-NL,H_µeq/l,326,7.611115675912716,3.4244592798011313,9.768422310297304,8.84460365925425,0.0,decreasing,-0.14729675809303874
1990-2004,UK-IE-NL,SAA_µeq/l,325,355.36603958844313,323.02318090710776,169.82549754516887,146.02374132314216,0.0,decreasing,-6.197030249296947
1990-2004,UK-IE-NL,ANC_µeq/l,325,13.509566685590407,8.354153572108657,48.81534749805251,43.380313536851716,1.5565326805244695e-13,increasing,1.5180833467758053
1990-2004,UK-IE-NL,OrgAnions_µeq/l,327,47.77403537727349,35.175328016201696,38.84117274456859,32.58648796450383,0.0,increasing,1.4047101729198315
1990-2004,UK-IE-NL,HCO3_µeq/l,325,4.234085814459329,0.0,20.198351275716668,0.0,0.87922118835318,no trend,0.0
1998-2012,SoNord,SO4_µeq/l,2121,67.19177840769203,55.46441033670062,50.09923471638041,58.295926780315966,0.0,decreasing,-1.8043977336764456
1998-2012,SoNord,NO3-N_µeq/l,2121,4.292680339462514,3.1071428571428568,4.515165797426109,4.178571428571428,0.0,decreasing,-0.05555555555555555
1998-2012,SoNord,Cl_µeq/l,2119,101.58460457728086,75.0,92.63798114055562,113.65237074436578,6.255551632250445e-11,decreasing,-0.16666666666666666
1998-2012,SoNord,Ca_µeq/l,2120,92.57979357323089,75.49623253493016,69.73991634772948,112.12003493013972,0.0,decreasing,-0.4285500427716004
1998-2012,SoNord,Mg_µeq/l,2120,51.31957010223232,45.73682749259625,34.38660131152072,49.62230585718986,0.0,decreasing,-0.1828086724434207
1998-2012,SoNord,CaMg_µeq/l,2120,143.92928094450428,126.84401535034571,100.21134101444395,156.2072334292422,0.0,decreasing,-0.6608205110016895
1998-2012,SoNord,H_µeq/l,2120,3.6443678371793378,1.4235108736906232,5.022563261319755,4.675284986093526,0.0,decreasing,-0.015349785660569187
1998-2012,SoNord,SAA_µeq/l,2120,173.11156832450192,144.30392746394153,125.93406583277061,158.99229870693938,0.0,decreasing,-2.0523632727750303
1998-2012,SoNord,ANC_µeq/l,2121,95.27092253226424,72.04566096310249,90.10787488479782,141.95625224844815,0.0,increasing,1.4090314316840964
1998-2012,SoNord,OrgAnions_µeq/l,2119,91.98880657731293,86.6376176020706,65.19291004367393,91.72669316180654,0.0,increasing,0.9948982391727617
1998-2012,SoNord,HCO3_µeq/l,2121,26.596812242529406,0.0,45.77572286516117,34.92869798714547,0.004430886932736744,increasing,0.0
1998-2012,NoNord,SO4_µeq/l,669,52.06468599688889,43.721945085236975,37.409621502738524,39.89106989681621,0.0,decreasing,-0.7677365357229107
1998-2012,NoNord,NO3-N_µeq/l,669,1.658285287209056,0.7857142857142857,2.380575132249208,1.9285714285714286,0.0,decreasing,-0.01428571428571428
1998-2012,NoNord,Cl_µeq/l,667,105.26039519517597,89.1320903731701,81.83905267576522,107.87414323188445,0.0007333389010837355,decreasing,-0.09402119237676103
1998-2012,NoNord,Ca_µeq/l,667,90.25101420098326,56.88622754491018,153.99356030486373,59.88023952095809,0.9878161895351378,no trend,0.0
1998-2012,NoNord,Mg_µeq/l,666,46.2197451647106,41.954590325765054,34.50367003726782,28.836788417242524,0.53747501161475,no trend,0.0
1998-2012,NoNord,CaMg_µeq/l,667,136.43147638062,96.98421060150184,184.73384513176026,82.37760844303499,0.8320235505885922,no trend,0.0
1998-2012,NoNord,H_µeq/l,668,1.4752810338951967,0.638305786757424,2.4968494490203295,0.8634202784782105,6.52364477993217e-08,decreasing,-0.006327795286908812
1998-2012,NoNord,SAA_µeq/l,669,158.6311394810082,134.97942348204862,104.7358099458818,132.72658723412832,0.0,decreasing,-1.1192687813223867
1998-2012,NoNord,ANC_µeq/l,667,96.67787441301287,49.90831621775463,181.32409365305074,77.6725140929662,0.0,increasing,1.270867427448124
1998-2012,NoNord,OrgAnions_µeq/l,668,57.35227537127898,31.377364691525262,55.03018979299819,72.55849603033477,0.0,increasing,0.31996380415703796
1998-2012,NoNord,HCO3_µeq/l,666,49.76700888482176,10.577650392142816,152.59848637520201,31.76261090459236,6.639133687258436e-14,increasing,0.0
1998-2012,WCE,SO4_µeq/l,45,255.49555215958648,216.96266354089462,117.16149024756112,199.8717489610833,4.5565506923139765e-10,decreasing,-4.857993898359662
1998-2012,WCE,NO3-N_µeq/l,41,53.18222996515677,32.42857142857143,72.64136882381013,16.88571428571429,0.9481444866063613,no trend,0.07467532467532481
1998-2012,WCE,Cl_µeq/l,45,163.3721640857849,155.13496742165682,76.4274715161325,142.5549318816461,0.19269030026356093,no trend,0.18535606497133017
1998-2012,WCE,Ca_µeq/l,45,163.4065202927478,169.73552894211576,48.3972772481478,79.84031936127748,0.16031372039294634,no trend,-0.4990019960079792
1998-2012,WCE,Mg_µeq/l,45,161.4794705860846,148.19842053307008,35.82851523169849,50.674564001316156,0.730148321621853,no trend,-7.105427357601002e-15
1998-2012,WCE,CaMg_µeq/l,45,326.56284119268315,313.46467972248985,82.42385027839025,129.19866092100105,0.5105709011488038,no trend,-0.524112190229611
1998-2012,WCE,H_µeq/l,45,9.712520451098907,7.943282347242822,9.661503464450973,17.25512330811531,9.193529733053651e-07,decreasing,-0.10227002429848409
1998-2012,WCE,SAA_µeq/l,41,477.82461642894975,443.0737629583469,162.268754202508,193.10437042737414,0.05104371877128022,no trend,-2.1938948981267457
1998-2012,WCE,ANC_µeq/l,41,17.551597230063138,30.49680426925929,86.54551632747402,63.87275626998837,0.0014384808653977732,increasing,4.134333386908478
1998-2012,WCE,OrgAnions_µeq/l,44,55.46292019005819,55.02138471936451,32.22565785966838,52.42147695370083,0.0768860133314524,no trend,0.7873279552554422
1998-2012,WCE,HCO3_µeq/l,40,24.65239224309022,0.0,37.400212503237825,49.22568601237276,0.3618449500715957,no trend,0.0
1998-2012,ECE,SO4_µeq/l,344,68.57952696726073,44.09969269718597,72.92058504612942,34.98413831333227,0.0,decreasing,-1.8477726791975186
1998-2012,ECE,NO3-N_µeq/l,344,23.645048414951265,21.754272915422394,19.232983989352746,20.472416589861734,4.178346557637269e-11,decreasing,-0.2587000000000001
1998-2012,ECE,Cl_µeq/l,343,10.505174152343528,5.229209686063238,10.293384763633568,10.97145540388845,0.0009043166859634688,decreasing,-0.05271720869884069
1998-2012,ECE,Ca_µeq/l,344,95.4114613538655,85.56964433758381,74.66976910064434,105.18496696606789,0.004984615279185034,decreasing,-0.28386227544909914
1998-2012,ECE,Mg_µeq/l,342,21.895409001659576,12.981083119447185,21.935886733147477,23.584510298790143,0.00015437362385717357,decreasing,-0.09041934846989068
1998-2012,ECE,CaMg_µeq/l,344,117.24066645421749,95.68077103581584,88.83043768396888,106.02414818522874,0.002751512265088518,decreasing,-0.3736112139330416
1998-2012,ECE,H_µeq/l,344,7.457945189690528,1.488369772826323,13.663306288403053,8.803944596587899,0.0,decreasing,-0.01750251000531877
1998-2012,ECE,SAA_µeq/l,343,101.65322861207855,76.2676898297585,83.179684081702,61.156160893352606,0.0,decreasing,-2.240189932331649
1998-2012,ECE,ANC_µeq/l,343,52.45856057946907,28.50947253812752,80.03145994312445,98.5540772656264,0.0,increasing,2.027355653838886
1998-2012,ECE,OrgAnions_µeq/l,343,28.430807935180784,11.509465996285469,33.021064176764966,38.30108702818311,1.264728544114746e-09,increasing,0.2164077620483466
1998-2012,ECE,HCO3_µeq/l,342,47.764043295441624,4.590441543516677,72.13250065716956,84.3413598688021,3.785416424761934e-12,increasing,0.0
1998-2012,AdsCsk,SO4_µeq/l,825,72.95600622844614,75.922687109105,22.16950737686594,27.448471475594815,0.0,decreasing,-2.604467179132973
1998-2012,AdsCsk,NO3-N_µeq/l,825,9.283999419067847,7.9925,8.104798224088867,12.219999999999999,6.217248937900877e-15,decreasing,-0.08999999999999997
1998-2012,AdsCsk,Cl_µeq/l,825,8.732310533636776,7.879333201703663,3.641023066658521,3.3797139875327886,0.0,decreasing,-0.09791252918132691
1998-2012,AdsCsk,Ca_µeq/l,825,78.75017289659493,71.39560878243512,40.710530064588006,51.66576846307383,0.0,decreasing,-0.8196945394924435
1998-2012,AdsCsk,Mg_µeq/l,825,27.769487470041266,25.40745310957552,14.29940409152392,16.801702862783813,0.0,decreasing,-0.3411951449340391
1998-2012,AdsCsk,CaMg_µeq/l,825,106.47252150281636,96.62785559187647,52.4715999944054,70.36450850766384,0.0,decreasing,-1.1852218550176161
1998-2012,AdsCsk,H_µeq/l,825,6.196669209641172,1.757168316981451,9.360827191975526,7.418644576160407,0.0,decreasing,-0.02122381932267936
1998-2012,AdsCsk,SAA_µeq/l,825,92.17788113229722,95.1870655536595,28.513361409163135,37.68019704884841,0.0,decreasing,-2.8384472485985697
1998-2012,AdsCsk,ANC_µeq/l,825,44.22575192541356,29.607610505996625,51.27699712938942,72.71062991890769,0.0,increasing,1.6131784574457972
1998-2012,AdsCsk,OrgAnions_µeq/l,825,56.62548069060884,51.15648059236348,28.431698410135677,33.282788772920384,0.0,increasing,0.3599599797503385
1998-2012,AdsCsk,HCO3_µeq/l,825,13.613862336328395,0.0,29.177029338184298,15.199890774220332,9.00834962180852e-12,increasing,0.0
1998-2012,Ont,SO4_µeq/l,180,98.72053334107748,101.66393231010102,17.192010528099058,22.49598174504692,0.0,decreasing,-2.56752601851496
1998-2012,Ont,NO3-N_µeq/l,180,8.771650820925169,5.537357142857143,9.113521491418897,13.47742857142857,0.07883235489639606,no trend,-0.034532339089481945
1998-2012,Ont,Cl_µeq/l,180,27.04634364618634,9.420923476151524,38.8379415475227,7.368910952528699,1.3233858453531866e-13,decreasing,-0.26655008038811895
1998-2012,Ont,Ca_µeq/l,180,131.8099089363211,114.98253493013972,60.27554385034464,71.07035928143712,7.736778288247592e-06,decreasing,-0.9331337325349309
1998-2012,Ont,Mg_µeq/l,180,42.78086773165183,38.910825929582096,12.384000836648918,18.63839954361773,9.373923859357092e-11,decreasing,-0.3529090021824217
1998-2012,Ont,CaMg_µeq/l,180,174.53314919915277,165.15032619854074,61.907940673460295,82.81567417977466,1.1079421795567868e-06,decreasing,-1.3548897598025282
1998-2012,Ont,H_µeq/l,180,0.925239001091535,0.5482784183757985,0.8225734132489924,1.2589528834747208,0.5387778588212768,no trend,0.0012437718992128976
1998-2012,Ont,SAA_µeq/l,180,135.40103791020056,127.84798205313483,42.3469024888533,25.142671619211228,0.0,decreasing,-2.792383068917127
1998-2012,Ont,ANC_µeq/l,179,88.31869801522643,81.79371462433394,56.04644029119693,65.57832592752042,0.0,increasing,1.6703845363823753
1998-2012,Ont,OrgAnions_µeq/l,180,49.59230902627159,50.721849774780566,13.57306596986973,14.71762914912707,3.228489742213014e-08,increasing,0.38789410903175575
1998-2012,Ont,HCO3_µeq/l,179,43.13271216740081,27.539578305867224,51.15174270317486,69.66167273136554,2.6623436788497656e-10,increasing,0.0
1998-2012,QuMaVt,SO4_µeq/l,703,62.95104965712134,59.336925472821605,21.758811811993166,28.106964697652337,0.0,decreasing,-1.69162287532167
1998-2012,QuMaVt,NO3-N_µeq/l,700,1.8135489795918454,2.357142857142857,1.2891774229571213,1.9571428571428573,0.0,decreasing,0.0
1998-2012,QuMaVt,Cl_µeq/l,696,22.771032236786827,11.282543085211406,24.973730477140755,16.161008941415396,0.6492139406185289,no trend,0.0
1998-2012,QuMaVt,Ca_µeq/l,703,88.89619581959838,74.87524950099801,57.2934210887409,42.44011976047905,0.0,decreasing,-0.7684630738522955
1998-2012,QuMaVt,Mg_µeq/l,703,34.11002881810996,30.884748272458047,17.265454274902282,12.528216518591641,0.0,decreasing,-0.32905561039815723
1998-2012,QuMaVt,CaMg_µeq/l,703,123.03511217436493,106.21984165922844,73.04682590254237,54.829087506132865,0.0,decreasing,-1.1039577639718914
1998-2012,QuMaVt,H_µeq/l,703,1.686723963310307,0.4168693834703355,5.044168856994852,0.663130988967369,1.3322676295501878e-15,decreasing,-0.005214651419943789
1998-2012,QuMaVt,SAA_µeq/l,700,87.67543249435967,81.30287126292228,28.586474449819917,37.27941437943406,0.0,decreasing,-1.9122744144171655
1998-2012,QuMaVt,ANC_µeq/l,700,86.18283239440002,63.23957412517781,75.03412259663689,71.30729885110628,3.965299686825574e-06,increasing,0.48701274596129984
1998-2012,QuMaVt,OrgAnions_µeq/l,699,58.5013434785585,56.21534477267862,23.214477069688062,28.982364164819835,0.0,increasing,0.4698132056915325
1998-2012,QuMaVt,HCO3_µeq/l,696,37.25128457260761,10.97539821655162,62.742138069003595,44.98578720237533,0.7008490157138156,no trend,0.0
1998-2012,AtlCan,SO4_µeq/l,807,40.61976898157016,38.10055214570651,18.288622391440995,22.069172281119613,0.0,decreasing,-1.327273332944694
1998-2012,AtlCan,NO3-N_µeq/l,806,1.5211804324707476,1.4285714285714286,0.3950201025718597,0.0,0.10890040009651547,no trend,0.0
1998-2012,AtlCan,Cl_µeq/l,807,149.60414456600677,117.05638450906834,81.07139250073827,63.957916114292146,0.1590959120678508,no trend,0.16117918693159286
1998-2012,AtlCan,Ca_µeq/l,803,42.595692798711426,38.17365269461078,23.175407273902152,32.06087824351298,2.220446049250313e-16,decreasing,-0.24950099800399325
1998-2012,AtlCan,Mg_µeq/l,806,41.42135489259965,34.139519578808816,21.16215629149086,20.463145771635403,0.0,decreasing,-0.4570216811085525
1998-2012,AtlCan,CaMg_µeq/l,804,84.1452332280035,74.79143391400812,41.04594403536772,57.27002313241237,0.0,decreasing,-0.7855710100036859
1998-2012,AtlCan,H_µeq/l,807,7.318711839313845,1.968482395515042,10.083613796078238,11.221532418469911,0.0,decreasing,-0.06595869074375596
1998-2012,AtlCan,SAA_µeq/l,806,191.86993316917852,157.32170037216824,94.75192088346897,79.12840535818606,0.0,decreasing,-1.1522942049905016
1998-2012,AtlCan,ANC_µeq/l,806,51.130584268323304,44.922974116061674,33.81696369926456,39.661386856580194,1.865174681370263e-14,increasing,0.7535551039155415
1998-2012,AtlCan,OrgAnions_µeq/l,807,75.6785825181645,70.4891216122368,36.33033986998128,48.227132523097204,0.0,increasing,1.1262259632760232
1998-2012,AtlCan,HCO3_µeq/l,806,5.842476219295913,0.0,13.386736232846474,4.2104702377324355,0.0034652398943846308,decreasing,0.0
1998-2012,UK-IE-NL,SO4_µeq/l,330,72.151995133615,56.21392939530468,49.042065500162806,28.106964697652337,0.0,decreasing,-1.152038553039578
1998-2012,UK-IE-NL,NO3-N_µeq/l,328,11.825222530219662,8.571428571428573,9.894802380697396,10.553571428571429,1.511397607067977e-08,decreasing,-0.18310657596371882
1998-2012,UK-IE-NL,Cl_µeq/l,330,217.086257489429,201.6754576481539,94.66741463114433,101.29608213691364,1.5803881092679717e-08,decreasing,-1.9744450399119955
1998-2012,UK-IE-NL,Ca_µeq/l,330,59.89347773149961,43.7863357616105,37.08699108366686,43.16367265469062,5.995204332975845e-14,decreasing,-0.49900199600798345
1998-2012,UK-IE-NL,Mg_µeq/l,330,60.78040285795751,52.09361632115828,28.965072535888456,24.95892642189314,1.3177074986714388e-09,decreasing,-0.4465754712546415
1998-2012,UK-IE-NL,CaMg_µeq/l,330,121.24971994984438,100.36403008395845,64.18263554780228,55.848953095663916,3.184892349850088e-10,decreasing,-0.940702504172307
1998-2012,UK-IE-NL,H_µeq/l,330,5.067159855626441,2.6780234520041457,6.039432600599878,6.243068068134293,6.964429033473607e-11,decreasing,-0.06930501709416642
1998-2012,UK-IE-NL,SAA_µeq/l,328,310.06328692854805,278.0699219192401,133.26072858811366,137.02388182064672,1.3322676295501878e-15,decreasing,-3.813467578868832
1998-2012,UK-IE-NL,ANC_µeq/l,328,22.93836918788913,14.746083945498626,44.99481638438775,47.14313769535016,1.641509150829279e-11,increasing,1.5035743309430338
1998-2012,UK-IE-NL,OrgAnions_µeq/l,330,60.52431407397525,46.20337969827801,46.095436865354664,45.89139628267216,1.6968642047032745e-09,increasing,0.6699621129575919
1998-2012,UK-IE-NL,HCO3_µeq/l,328,3.1679090553333267,0.0,10.190882462076322,0.0,0.017839144485443104,increasing,0.0
2006-2020,SoNord,SO4_µeq/l,2100,56.01332894725878,45.80394247024826,45.605944844302634,50.30626181533516,0.0,decreasing,-0.662769167561926
2006-2020,SoNord,NO3-N_µeq/l,2099,3.7165861294493876,2.571428571428572,4.145834977864102,3.535714285714286,0.0,decreasing,-0.047619047619047616
2006-2020,SoNord,Cl_µeq/l,2096,106.08268665503411,77.92477364397935,96.27866625383675,122.13352889741347,0.0,increasing,0.25
2006-2020,SoNord,Ca_µeq/l,2096,89.16922947997136,70.17789421157686,68.2236293916821,109.7804391217565,5.329070518200751e-13,decreasing,-0.21353510511444573
2006-2020,SoNord,Mg_µeq/l,2098,49.86862729719405,44.42250740375123,33.28474882072688,48.124383020730505,0.5833084350732152,no trend,0.0
2006-2020,SoNord,CaMg_µeq/l,2099,138.96037756146148,120.72843454256343,97.51610947451303,156.88679112653273,3.0199981269074527e-06,decreasing,-0.2056597564988465
2006-2020,SoNord,H_µeq/l,2096,3.022124610584863,1.1689996359102732,4.155527833191449,3.664843939518131,5.10702591327572e-15,decreasing,-0.004406038006190456
2006-2020,SoNord,SAA_µeq/l,2099,165.6293879560604,133.12717242739876,127.16525769714319,158.73034062795824,4.278333243235011e-11,decreasing,-0.40329879217704717
2006-2020,SoNord,ANC_µeq/l,2097,100.78802894297273,78.68381639337451,86.87781478207518,139.74599217625217,1.7763568394002505e-14,increasing,0.4384828493919066
2006-2020,SoNord,OrgAnions_µeq/l,2095,99.60102190718659,95.45547218323652,68.7849551849632,95.74077476978266,1.9178633126060163e-08,increasing,0.16381772794416669
2006-2020,SoNord,HCO3_µeq/l,2094,25.95045988352853,0.0,44.61029855895917,34.06060190800087,2.0357013852390082e-09,increasing,0.0
2006-2020,NoNord,SO4_µeq/l,660,45.42334703918518,38.70433138735977,31.70774009385152,34.87345619893901,0.0,decreasing,-0.562139293953047
2006-2020,NoNord,NO3-N_µeq/l,660,1.3914664502164509,0.5714285714285714,2.1716048436858606,1.5,0.856326873578261,no trend,0.0
2006-2020,NoNord,Cl_µeq/l,658,110.72652881673812,91.38859899021239,88.89355679299769,106.56247355653963,0.13536005911680982,no trend,0.0
2006-2020,NoNord,Ca_µeq/l,658,90.52547602363657,57.38522954091816,154.6566313101427,56.012974051896215,0.010439166786431198,decreasing,-0.08316699933466391
2006-2020,NoNord,Mg_µeq/l,657,46.33291453243804,41.54327081276736,33.96501700350696,28.748251892069767,0.39483910387599863,no trend,0.0
2006-2020,NoNord,CaMg_µeq/l,659,136.75044092246088,96.54186198186059,184.72625466980287,76.03100288810336,0.0755249974443799,no trend,-0.16332367621891328
2006-2020,NoNord,H_µeq/l,658,1.345741422650924,0.5754399373371567,2.281720894808117,0.8549393891303101,0.028892744070821097,decreasing,-0.0016485546442845786
2006-2020,NoNord,SAA_µeq/l,660,157.2006693043434,132.3261624635631,106.64743590372038,124.33655910237741,1.7563728249569976e-13,decreasing,-0.7141564820846943
2006-2020,NoNord,ANC_µeq/l,659,102.68343270394271,61.16429031962655,178.37077718747742,77.44345222956669,0.0005839145264190382,increasing,0.3852504561750038
2006-2020,NoNord,OrgAnions_µeq/l,658,61.997979467182475,33.63907977719765,60.01651458150558,79.49601232402175,2.1601348384248098e-05,increasing,0.1618543078602926
2006-2020,NoNord,HCO3_µeq/l,657,52.627745348353145,15.026790167623531,148.3659051098926,38.09683473947067,0.02526972990203169,increasing,0.0
2006-2020,WCE,SO4_µeq/l,41,210.7590014903039,199.4048110795573,97.87282264744302,143.65781956577865,6.195880852821745e-07,decreasing,-3.7839303113835334
2006-2020,WCE,NO3-N_µeq/l,41,49.23583449477351,35.714285714285715,61.811959727550445,30.464285714285722,0.5364572971794763,no trend,-0.4880952380952384
2006-2020,WCE,Cl_µeq/l,41,163.34714527581343,141.03178856514256,76.34180993394926,139.73429611034328,0.6655857202796773,no trend,0.0
2006-2020,WCE,Ca_µeq/l,41,156.1718027359914,168.43812375249502,47.40785026284997,77.86926147704591,0.9480896421156977,no trend,-7.105427357601002e-15
2006-2020,WCE,Mg_µeq/l,41,154.50364770182745,150.3372820006581,33.83243045664141,37.01875616979268,0.344895361759358,no trend,-0.5758473181967716
2006-2020,WCE,CaMg_µeq/l,41,311.1411359737847,311.92725605058394,79.90464432518861,116.91693119191035,0.4944485262753169,no trend,-0.8754496600743901
2006-2020,WCE,H_µeq/l,41,7.700980337107776,5.660722890537327,8.486506689756274,12.340792682852243,0.04640172188868119,decreasing,-0.012772636869045256
2006-2020,WCE,SAA_µeq/l,41,435.3040569247638,414.30868127000673,144.94145224856956,146.16751849145578,0.0004447451880815745,decreasing,-5.859265588591812
2006-2020,WCE,ANC_µeq/l,41,55.84281681248016,64.09069269908389,80.22864187403991,57.009699776379534,5.5234032754647444e-05,increasing,5.483952727041876
2006-2020,WCE,OrgAnions_µeq/l,40,63.759555370547275,66.12400587249765,44.207574951224,73.10259697268543,0.0028659072503443017,increasing,0.9567769933656425
2006-2020,WCE,HCO3_µeq/l,40,34.75752675703237,0.0,54.169384172865286,63.381051924941744,0.016056530294574323,increasing,0.0
2006-2020,ECE,SO4_µeq/l,330,51.904565788425714,32.55460329621826,56.34869613525926,25.485237757208502,0.0,decreasing,-0.8108426494329852
2006-2020,ECE,NO3-N_µeq/l,329,20.36141869178884,18.04448571428572,18.681648443649344,20.123009045649255,4.04343225568482e-13,decreasing,-0.29176765854148146
2006-2020,ECE,Cl_µeq/l,328,10.353999878416683,5.104404422756889,10.373063472253461,10.65308844864165,0.7413477077937771,no trend,-0.005358450440119759
2006-2020,ECE,Ca_µeq/l,330,92.67442633439686,78.76347305389223,78.73870420674916,100.998454351615,0.23893517864833402,no trend,-0.0908359281437112
2006-2020,ECE,Mg_µeq/l,330,21.570229109580726,13.028606120434354,22.436035171703985,23.8396739056707,0.044570979453582904,increasing,0.047442015169854995
2006-2020,ECE,CaMg_µeq/l,330,114.20254725257068,99.9735476400243,93.48028156268232,110.1111337818038,0.7851944354360203,no trend,-0.036652396881548324
2006-2020,ECE,H_µeq/l,330,5.386509117132733,1.1712933024057737,10.532558765066854,5.215436301811285,4.805524616013912e-07,decreasing,-0.006588309381116577
2006-2020,ECE,SAA_µeq/l,329,82.40276144196683,60.58888777314726,67.93584875088676,57.094410184815075,0.0,decreasing,-1.3555247464514104
2006-2020,ECE,ANC_µeq/l,329,69.99628612654249,44.42761265450761,85.47559898008811,100.87915342419831,0.0,increasing,2.218134445139194
2006-2020,ECE,OrgAnions_µeq/l,328,35.47657578022586,17.037288941528374,38.309863496550534,50.506422468252666,1.1102230246251565e-15,increasing,0.36256149051389647
2006-2020,ECE,HCO3_µeq/l,329,55.93958490169473,4.441052254382543,83.86582959347646,97.0714509747708,2.220446049250313e-16,increasing,0.0
2006-2020,AdsCsk,SO4_µeq/l,768,50.99216692464572,54.21691888329988,21.267554688210314,29.250598376183007,0.0,decreasing,-3.0047826450879693
2006-2020,AdsCsk,NO3-N_µeq/l,768,7.656753372243025,6.083536811419448,7.212659825131177,11.176230038811093,0.0,decreasing,-0.126
2006-2020,AdsCsk,Cl_µeq/l,768,8.319652905908427,6.909415282204608,5.204062269227898,3.4961570287380193,0.0,decreasing,-0.1219406232382222
2006-2020,AdsCsk,Ca_µeq/l,749,73.77970609078446,64.84234031936128,41.80389205864156,51.89588323353293,0.0,decreasing,-0.6990093473766765
2006-2020,AdsCsk,Mg_µeq/l,717,25.193351760960798,23.043620434353404,13.90500784879078,15.654769249753208,0.0,decreasing,-0.22306950746613693
2006-2020,AdsCsk,CaMg_µeq/l,729,98.18224573703738,87.58537941392635,52.008415299350744,65.58100723143724,0.0,decreasing,-1.0181071271474473
2006-2020,AdsCsk,H_µeq/l,768,5.045659727794914,1.2889919821732345,8.194901668529823,5.344247225578072,3.5239144935417244e-11,decreasing,-0.01720204590560017
2006-2020,AdsCsk,SAA_µeq/l,768,67.48703028065101,70.39894230115681,26.773793313783756,37.06885573143246,0.0,decreasing,-3.439762482398547
2006-2020,AdsCsk,ANC_µeq/l,722,56.4200462958712,42.25739252677211,51.967520996564204,71.32045743182807,0.0,increasing,2.1113339270096994
2006-2020,AdsCsk,OrgAnions_µeq/l,767,63.38806288894678,57.11267168879549,31.32796895713547,37.80793398993478,0.0,increasing,1.0729974451579112
2006-2020,AdsCsk,HCO3_µeq/l,752,23.181144074238173,0.0,49.689348131728245,28.270358858457783,0.0,increasing,0.0
2006-2020,Ont,SO4_µeq/l,136,77.9449648330082,74.72834592373957,18.731160641883022,26.43107201763155,0.0,decreasing,-4.268770803855746
2006-2020,Ont,NO3-N_µeq/l,136,9.23604713026479,5.863571428571429,9.817165279395512,14.24612991468419,0.021641040480399942,increasing,0.05104739884780707
2006-2020,Ont,Cl_µeq/l,136,23.60113891585083,7.634566284505627,35.24138130700965,6.521644324905657,4.6629367034256575e-15,decreasing,-0.2928729815476545
2006-2020,Ont,Ca_µeq/l,136,126.98063217828758,109.87861776447106,64.56154642554517,78.61453207763373,0.0,decreasing,-2.1120984592640166
2006-2020,Ont,Mg_µeq/l,136,39.447871386519694,37.10102007239223,10.989481527977143,14.629114176449676,0.0,decreasing,-0.5968631745640007
2006-2020,Ont,CaMg_µeq/l,136,166.36615840555987,154.50005207863967,66.62708576354343,92.37950455031087,0.0,decreasing,-2.687751275343271
2006-2020,Ont,H_µeq/l,136,0.8350317300898202,0.4955498660343521,0.780306886632381,0.9184066893657037,1.2624342664357968e-05,decreasing,-0.014615378312337425
2006-2020,Ont,SAA_µeq/l,136,111.67911611490251,102.48146442160927,40.17883437109915,44.15294268905433,0.0,decreasing,-4.8861574778784425
2006-2020,Ont,ANC_µeq/l,135,101.6197679770207,91.9399225081454,58.881357893815235,65.46389298726078,1.1944001343522359e-11,increasing,1.8248949912304115
2006-2020,Ont,OrgAnions_µeq/l,136,51.62644714977397,51.56809617996342,13.962586645165556,14.76186399712914,0.5622394654805707,no trend,0.06487972409157741
2006-2020,Ont,HCO3_µeq/l,135,52.18209479708127,37.4874747247453,56.31393175306014,75.59583396287016,5.277223991129176e-08,increasing,0.46670206304678674
2006-2020,QuMaVt,SO4_µeq/l,643,48.337867383699155,45.80394247024826,18.54974204244444,23.392623484364904,0.0,decreasing,-2.0819973850112845
2006-2020,QuMaVt,NO3-N_µeq/l,638,1.344470501845292,1.0,1.2499321269391463,2.1428571428571432,1.0445291076521812e-08,decreasing,0.0
2006-2020,QuMaVt,Cl_µeq/l,617,20.661644598013407,9.872225199559981,23.24267261633376,20.156545285307306,8.326672684688674e-14,decreasing,-0.3149733449919596
2006-2020,QuMaVt,Ca_µeq/l,627,84.05464957018016,67.8938622754491,57.06546822514704,43.3258483033932,1.8407497748285095e-13,decreasing,-0.47405189620758537
2006-2020,QuMaVt,Mg_µeq/l,624,31.91645623321544,28.79236590983876,16.878745375406222,12.761187890753533,0.0,decreasing,-0.21594274432379024
2006-2020,QuMaVt,CaMg_µeq/l,624,115.62422234280052,96.35185453377551,70.95478632737237,55.20135691105449,0.0,decreasing,-0.6907394158897788
2006-2020,QuMaVt,H_µeq/l,643,1.418266579343178,0.3890451449942805,4.111544032146448,0.5467723720837526,0.0005628823279970607,decreasing,-0.0026084959536497123
2006-2020,QuMaVt,SAA_µeq/l,617,70.877987347651,66.49358839627067,25.710831394730818,32.93962370947706,0.0,decreasing,-2.377452739527911
2006-2020,QuMaVt,ANC_µeq/l,599,92.3393226017113,73.38742048820974,73.43984940298012,74.29093047901291,0.0,increasing,1.7226931295610286
2006-2020,QuMaVt,OrgAnions_µeq/l,642,60.363429204861546,60.27730897966137,23.268608424107242,29.054749512303545,0.7473009055197883,no trend,-0.03311829426615073
2006-2020,QuMaVt,HCO3_µeq/l,602,39.99827793317373,15.754041587969283,62.45266754195311,51.533139796831186,0.0,increasing,0.28010500274521477
2006-2020,AtlCan,SO4_µeq/l,645,32.976740441679134,31.229960775169268,15.644584545263314,20.61177411161172,0.0,decreasing,-0.9647827168043362
2006-2020,AtlCan,NO3-N_µeq/l,644,1.5123114463176652,1.4285714285714286,0.785142831172267,0.0,0.09240104730251142,no trend,0.0
2006-2020,AtlCan,Cl_µeq/l,641,144.42755241025074,115.64606662341691,72.7077324806543,55.56652469466616,1.3868883819156963e-10,decreasing,-1.0871200368563065
2006-2020,AtlCan,Ca_µeq/l,644,41.77049627453166,37.6746506986028,22.956366027974134,28.942115768463072,0.34498404246094494,no trend,0.022681908909454117
2006-2020,AtlCan,Mg_µeq/l,645,40.02935992306728,33.31688055281343,19.857737060118176,21.799934188877916,0.7699337871530996,no trend,0.0
2006-2020,AtlCan,CaMg_µeq/l,645,81.74357606480976,73.59417394234237,39.168128724182274,54.49811137842774,0.4523637121454569,no trend,0.06237524950099793
2006-2020,AtlCan,H_µeq/l,645,5.854568272054048,1.288249551693135,8.937218775427748,8.63762301734259,0.0,decreasing,-0.059964824191621524
2006-2020,AtlCan,SAA_µeq/l,642,178.87852567037987,146.6781817338982,84.41636545328437,75.02990456592616,0.0,decreasing,-2.0132077286530716
2006-2020,AtlCan,ANC_µeq/l,642,58.81780441464671,52.42867121983416,36.72580041506985,50.03994121499998,4.094058425607727e-12,increasing,1.1623748931996616
2006-2020,AtlCan,OrgAnions_µeq/l,644,88.03909051436452,80.9086492608411,45.90012316363426,61.94457508117952,4.27418252606504e-05,increasing,0.5684568923836437
2006-2020,AtlCan,HCO3_µeq/l,643,5.922758191599576,0.0,14.98848396270674,1.9965770613619132,0.011836366252975239,increasing,0.0
2006-2020,UK-IE-NL,SO4_µeq/l,326,57.65785506702729,47.09478084895526,37.97412012997038,26.654771521606975,0.0,decreasing,-1.2962799627814579
2006-2020,UK-IE-NL,NO3-N_µeq/l,325,10.580063567805468,7.821428571428571,9.716882562051964,8.035714285714285,0.07012005687443623,no trend,-0.06428571428571433
2006-2020,UK-IE-NL,Cl_µeq/l,326,207.21456496192414,192.08529602572418,92.76546714108389,92.97873240628437,8.12154452312086e-06,decreasing,-1.4843595746481384
2006-2020,UK-IE-NL,Ca_µeq/l,326,58.189362480996024,42.51497005988024,39.1034094395874,40.684667341962815,0.011342016347951844,decreasing,-0.1715319361277441
2006-2020,UK-IE-NL,Mg_µeq/l,326,58.519314861203384,50.8390918065153,28.27343145656363,24.925962487660406,0.0003725529673446193,decreasing,-0.25604639684106634
2006-2020,UK-IE-NL,CaMg_µeq/l,326,117.11906571443838,96.68503565425911,65.56171078800517,52.013773735425644,0.004353706403664281,decreasing,-0.41852294095586356
2006-2020,UK-IE-NL,H_µeq/l,326,3.6950249410702716,1.898090333385785,4.448046115690592,4.032556129681741,1.1971322408932394e-06,decreasing,-0.04160305964297675
2006-2020,UK-IE-NL,SAA_µeq/l,325,280.1152510908437,254.5712895428864,121.76305118959391,112.90724289606061,2.6845192735436285e-13,decreasing,-3.1195591443972726
2006-2020,UK-IE-NL,ANC_µeq/l,325,41.83970669877711,31.489680209589128,51.05116825429538,51.7380389368423,0.0,increasing,2.1218034684161307
2006-2020,UK-IE-NL,OrgAnions_µeq/l,325,65.84621802342782,47.125373497764976,49.92979060578864,51.45012224534089,0.4076677488431355,no trend,-0.10089149689819572
2006-2020,UK-IE-NL,HCO3_µeq/l,324,6.681009797693515,0.0,18.49222943486466,2.703721662505978,1.8369932390349675e-05,increasing,0.0
