station_id,variable,median,mk_p_val,mk_trend,sen_slp,sen_incpt,sen_trend
23621,totn_mgNpm2,1138.277,0.0008385067770961818,decreasing,-23.16318569736842,47557.301137526316,decreasing
23622,totn_mgNpm2,1224.1680000000001,1.054484505047526e-06,decreasing,-26.29484523809524,53919.03785714286,decreasing
23623,totn_mgNpm2,1303.9460000000001,4.206112753202262e-06,decreasing,-42.990226052631584,87456.35900947369,decreasing
23624,totn_mgNpm2,1208.683,6.5593184299661544e-06,decreasing,-38.0402325,77441.30893000001,decreasing
23646,totn_mgNpm2,1001.102,0.00016981157303574967,decreasing,-25.115599251336896,51332.76289967914,decreasing
23662,totn_mgNpm2,688.59485,0.001168988918142766,decreasing,-12.844911464646467,26429.797425151522,decreasing
23669,totn_mgNpm2,839.6115,0.0009910666009620428,decreasing,-12.675111801242231,26240.53554968943,decreasing
23683,totn_mgNpm2,795.0593,2.6745756389612296e-06,decreasing,-22.490911344537807,45866.84563445376,decreasing
23717,totn_mgNpm2,613.1791400000001,2.450469624992735e-07,decreasing,-15.539259999999999,31753.85618,decreasing
23719,totn_mgNpm2,1220.24,0.0005016191668583136,decreasing,-25.929555259740265,53183.06874051949,decreasing
23720,totn_mgNpm2,1282.558,0.023486186933639575,decreasing,-16.19248576923077,33732.299481538466,decreasing
23721,totn_mgNpm2,1170.452,0.00016981157303574967,decreasing,-26.78721176470588,54852.02437647058,decreasing
23722,totn_mgNpm2,1129.6747,6.505027394410057e-05,decreasing,-24.709551413043485,50647.61573173915,decreasing
23723,totn_mgNpm2,1280.994,0.008312365597504368,decreasing,-16.091843130252116,33529.04763302524,decreasing
23726,totn_mgNpm2,790.6487,1.5555676707190713e-05,decreasing,-16.405580576923075,33667.43217615384,decreasing
23728,totn_mgNpm2,1168.9578,5.277223991129176e-08,decreasing,-46.79314928571429,94942.42896857145,decreasing
23729,totn_mgNpm2,1254.49,1.9203218714070047e-05,decreasing,-32.8123542929293,67010.44800303032,decreasing
23733,totn_mgNpm2,770.6749,0.0022170615811702987,decreasing,-9.032759134615386,18872.324205769233,decreasing
37047,totn_mgNpm2,1089.9358,2.450469624992735e-07,decreasing,-39.77179045454545,80792.6038709091,decreasing
37765,totn_mgNpm2,858.0498,0.00042093182771774096,decreasing,-25.558493333333324,52077.27043999998,decreasing
38441,totn_mgNpm2,688.59485,0.001168988918142766,decreasing,-12.844911464646467,26429.797425151522,decreasing
38442,totn_mgNpm2,710.11774,9.608161668706039e-05,decreasing,-14.656535138888888,30081.814158333334,decreasing
38443,totn_mgNpm2,709.0894,0.0005965451621383622,decreasing,-12.873186666666665,26506.955479999997,decreasing
38444,totn_mgNpm2,709.0894,0.0005965451621383622,decreasing,-12.873186666666665,26506.955479999997,decreasing
38445,totn_mgNpm2,815.93005,0.03356141170311466,decreasing,-8.016398092105263,16880.791826578945,decreasing
38446,totn_mgNpm2,839.6115,0.0009910666009620428,decreasing,-12.675111801242231,26240.53554968943,decreasing
38447,totn_mgNpm2,827.3799,0.0005965451621383622,decreasing,-19.971908636363644,40851.08480727274,decreasing
38448,totn_mgNpm2,770.0744,0.0002456719267813767,decreasing,-20.05878181818182,40967.87316363637,decreasing
38449,totn_mgNpm2,796.6611,0.001168988918142766,decreasing,-18.689810227272726,38251.040795454544,decreasing
38450,totn_mgNpm2,802.75793,1.9203218714070047e-05,decreasing,-29.508171052631578,59937.13271947368,decreasing
38451,totn_mgNpm2,802.5326,5.3357947806809136e-05,decreasing,-28.744747058823535,58407.005705882366,decreasing
38452,totn_mgNpm2,805.2272,2.9081850334566894e-05,decreasing,-29.379491176470598,59681.72751764708,decreasing
38453,totn_mgNpm2,802.67676,0.00029458014258532117,decreasing,-19.32619176470589,39532.365056470604,decreasing
38454,totn_mgNpm2,840.1329300000001,1.9072455659241427e-07,decreasing,-31.431189860139863,63828.237409720285,decreasing
38455,totn_mgNpm2,798.74585,2.6745756389612296e-06,decreasing,-26.93796527777777,54782.428266666655,decreasing
38456,totn_mgNpm2,926.7188,4.019580202019313e-07,decreasing,-31.34736272727274,63746.83370545457,decreasing
38457,totn_mgNpm2,873.74316,1.3349516918559345e-06,decreasing,-30.178338750000005,61351.13401500001,decreasing
38458,totn_mgNpm2,865.91846,1.5555676707190713e-05,decreasing,-28.131987499999994,57242.42140999999,decreasing
38459,totn_mgNpm2,856.3202,3.567683545258049e-05,decreasing,-27.338697727272724,55643.07044545454,decreasing
38460,totn_mgNpm2,795.2889,3.567683545258049e-05,decreasing,-20.184622878289474,41245.27314809211,decreasing
38461,totn_mgNpm2,840.2652,2.126044551520323e-06,decreasing,-25.29114058441559,51523.71093116885,decreasing
38462,totn_mgNpm2,822.12115,0.00020446098532356238,decreasing,-16.814481241830066,34518.34155862745,decreasing
38463,totn_mgNpm2,822.44214,0.00029458014258532117,decreasing,-16.023976666666663,32934.49137999999,decreasing
38464,totn_mgNpm2,756.0365,3.357563338024505e-06,decreasing,-22.090796405228758,45025.992496078434,decreasing
38465,totn_mgNpm2,781.88464,0.00016981157303574967,decreasing,-18.515916565656568,37887.78143757576,decreasing
38466,totn_mgNpm2,906.2083,1.2574637393125698e-05,decreasing,-26.31458142857143,53640.62948285714,decreasing
38467,totn_mgNpm2,1140.248,8.879022317387353e-08,decreasing,-31.056807897727268,63378.09102704544,decreasing
38468,totn_mgNpm2,1279.7468,6.505027394410057e-05,decreasing,-28.710261764705884,58815.11137647059,decreasing
38469,totn_mgNpm2,1277.0254,0.00020446098532356238,decreasing,-27.288150294117663,55962.478589411796,decreasing
38470,totn_mgNpm2,1390.4491,8.16546668325202e-06,decreasing,-33.09953611111111,67721.91946666666,decreasing
38471,totn_mgNpm2,753.6897,0.00011640806991186636,decreasing,-20.85645709330143,42550.029714976066,decreasing
38472,totn_mgNpm2,687.3754,4.367622598744347e-05,decreasing,-15.091717929292933,30931.17813030304,decreasing
38473,totn_mgNpm2,680.86945,2.450469624992735e-07,decreasing,-22.760199696969693,46292.30964272726,decreasing
38474,totn_mgNpm2,789.00525,0.00042093182771774096,decreasing,-16.836277499999998,34528.90536,decreasing
38475,totn_mgNpm2,708.8286,0.0030162106167233027,decreasing,-10.090169404761909,20929.528087142866,decreasing
38476,totn_mgNpm2,777.0205,0.00016981157303574967,decreasing,-20.54526096153846,41949.723466923075,decreasing
38477,totn_mgNpm2,777.0205,0.0005965451621383622,decreasing,-19.259320357142855,39372.69849571428,decreasing
38478,totn_mgNpm2,781.79614,0.004714044997715217,decreasing,-11.0139962745098,22853.844674117638,decreasing
38479,totn_mgNpm2,753.6897,0.00014074245671946706,decreasing,-21.38138903508772,43601.993326315795,decreasing
38480,totn_mgNpm2,777.0205,0.00042093182771774096,decreasing,-19.47278107142857,39800.47376714285,decreasing
38481,totn_mgNpm2,777.0205,0.00016981157303574967,decreasing,-20.54526096153846,41949.723466923075,decreasing
38482,totn_mgNpm2,685.9429,1.9203218714070047e-05,decreasing,-17.1244,35003.24050000001,decreasing
38483,totn_mgNpm2,777.0205,0.00016981157303574967,decreasing,-20.54526096153846,41949.723466923075,decreasing
38484,totn_mgNpm2,793.2922,0.0008385067770961818,decreasing,-21.36693312693499,43612.62618637772,decreasing
38485,totn_mgNpm2,819.6794,0.0007079791172892591,decreasing,-20.373321992481202,41647.81667293233,decreasing
38486,totn_mgNpm2,819.6794,0.0008385067770961818,decreasing,-19.644879999999993,40188.01891999999,decreasing
38487,totn_mgNpm2,777.0205,0.00042093182771774096,decreasing,-19.47278107142857,39800.47376714285,decreasing
38488,totn_mgNpm2,746.7265,0.11763382782129739,no trend,-4.259621727272728,9283.008441454549,no trend
38489,totn_mgNpm2,937.75586,8.311885257850093e-07,decreasing,-30.892751644736844,62846.83015605263,decreasing
38490,totn_mgNpm2,751.1312,1.9203218714070047e-05,decreasing,-19.140841875000007,39109.37831750001,decreasing
38491,totn_mgNpm2,897.1506300000001,3.357563338024505e-06,decreasing,-29.535827526315792,60086.94899273684,decreasing
38492,totn_mgNpm2,705.3873,1.481307767559059e-07,decreasing,-23.82551353801169,48451.71643017543,decreasing
38493,totn_mgNpm2,511.032,1.6864601939392543e-06,decreasing,-12.745328529411772,26052.67037294119,decreasing
38494,totn_mgNpm2,1255.246,1.5555676707190713e-05,decreasing,-36.033314285714276,73466.00782857141,decreasing
38495,totn_mgNpm2,1192.298,1.5555676707190713e-05,decreasing,-31.099266184210528,63515.2274331579,decreasing
38496,totn_mgNpm2,1078.491,4.019580202019313e-07,decreasing,-40.978898611111106,83200.20381666665,decreasing
38497,totn_mgNpm2,979.9593,1.0143621907543476e-05,decreasing,-26.947400000000023,54982.548900000045,decreasing
38498,totn_mgNpm2,1069.4609,4.367622598744347e-05,decreasing,-28.8773482352941,58939.66676352938,decreasing
38499,totn_mgNpm2,1255.246,2.6745756389612296e-06,decreasing,-38.28265920138888,77973.69503958331,decreasing
38500,totn_mgNpm2,1249.7302,0.00016981157303574967,decreasing,-28.217724999999994,57798.05109999999,decreasing
38501,totn_mgNpm2,1170.279,3.141766240499777e-07,decreasing,-38.58743692810457,78499.50260392156,decreasing
38502,totn_mgNpm2,528.6867,2.3656555304452098e-05,decreasing,-11.432378282828283,23439.172778787877,decreasing
38503,totn_mgNpm2,565.9251,8.879022317387353e-08,decreasing,-14.553342857142859,29730.82418571429,decreasing
38504,totn_mgNpm2,569.8599,5.277223991129176e-08,decreasing,-15.417778311688313,31467.08763662338,decreasing
38505,totn_mgNpm2,569.8599,5.277223991129176e-08,decreasing,-15.417778311688313,31467.08763662338,decreasing
38506,totn_mgNpm2,569.8599,5.277223991129176e-08,decreasing,-15.417778311688313,31467.08763662338,decreasing
38507,totn_mgNpm2,569.8599,5.277223991129176e-08,decreasing,-15.417778311688313,31467.08763662338,decreasing
38508,totn_mgNpm2,489.19083,2.3656555304452098e-05,decreasing,-10.36805888888889,21266.780843333334,decreasing
38509,totn_mgNpm2,590.3139,4.570577472051696e-09,decreasing,-16.6098559375,33876.465198750004,decreasing
38510,totn_mgNpm2,541.33575,4.367622598744347e-05,decreasing,-10.021462291666658,20624.346182499983,decreasing
38511,totn_mgNpm2,548.4069999999999,1.6864601939392543e-06,decreasing,-12.396204285714287,25390.40038857143,decreasing
38512,totn_mgNpm2,527.908,1.054484505047526e-06,decreasing,-12.002363529411758,24580.644512941162,decreasing
38513,totn_mgNpm2,523.6606,0.0002456719267813767,decreasing,-8.834398666666667,18227.795528,decreasing
38514,totn_mgNpm2,507.7451,0.010906151033361455,decreasing,-6.385008743961354,13303.302622898553,decreasing
38515,totn_mgNpm2,523.6662,8.16546668325202e-06,decreasing,-11.734173611111114,24038.95011666667,decreasing
38115,totn_mgNpm2,790.1519829000001,1.0899587898904883e-09,decreasing,-15.0806962490404,31011.86726597696,decreasing
38116,totn_mgNpm2,776.4742466600001,1.0899587898904883e-09,decreasing,-14.822760928181832,30481.28714673639,decreasing
38117,totn_mgNpm2,871.9908649199998,1.9462949030213395e-09,decreasing,-16.681545606515165,34301.80826037639,decreasing
38118,totn_mgNpm2,862.1058899599999,1.9462949030213395e-09,decreasing,-16.486418413181816,33900.88838997636,decreasing
38119,totn_mgNpm2,833.9431396800001,1.0899587898904883e-09,decreasing,-15.912197910353544,32721.9877520285,decreasing
38120,totn_mgNpm2,875.5025115199998,1.9462949030213395e-09,decreasing,-16.749823778686867,34442.14936400848,decreasing
38121,totn_mgNpm2,794.8814360199999,1.0899587898904883e-09,decreasing,-15.157759951868679,31171.032379564833,decreasing
38122,totn_mgNpm2,795.7939197599999,1.0899587898904883e-09,decreasing,-15.191030241969699,31238.618524667276,decreasing
38085,totn_mgNpm2,780.8048196199999,2.6745756389612296e-06,decreasing,-12.322257031874997,25474.607911497493,decreasing
38086,totn_mgNpm2,805.76039544,2.6745756389612296e-06,decreasing,-12.716092996736101,26288.81076089915,decreasing
38087,totn_mgNpm2,806.9715361400001,2.6745756389612296e-06,decreasing,-12.735206592986117,26328.32554848418,decreasing
38088,totn_mgNpm2,797.8887534800001,2.6745756389612296e-06,decreasing,-12.591866822499995,26031.989865769992,decreasing
38089,totn_mgNpm2,388.03174578000005,6.537972045972396e-07,decreasing,-6.581402020277779,13577.16139441667,decreasing
38090,totn_mgNpm2,405.0257722,6.537972045972396e-07,decreasing,-6.873294700416666,14179.108351834999,decreasing
38091,totn_mgNpm2,485.97789240000003,6.537972045972396e-07,decreasing,-8.25734368083333,17033.694628789992,decreasing
38092,totn_mgNpm2,417.91253238,6.537972045972396e-07,decreasing,-7.093503178611115,14633.292902316674,decreasing
38093,totn_mgNpm2,263.67804442000005,6.537972045972396e-07,decreasing,-4.465029877777778,9211.597919486667,decreasing
38095,totn_mgNpm2,420.86076004000006,1.6864601939392543e-06,decreasing,-7.821993060000011,16096.134852280022,decreasing
38096,totn_mgNpm2,451.8222200799999,1.6864601939392543e-06,decreasing,-8.397433551500004,17280.27905728601,decreasing
38097,totn_mgNpm2,424.42589714,1.6864601939392543e-06,decreasing,-7.888253648333324,16232.48620839998,decreasing
38098,totn_mgNpm2,433.13499068,1.6864601939392543e-06,decreasing,-8.050118265000002,16565.571993740003,decreasing
38099,totn_mgNpm2,459.2405672400001,0.387514377839314,no trend,-1.2817607288888933,3027.889067933342,no trend
38100,totn_mgNpm2,451.27280561999993,0.387514377839314,no trend,-1.2595223550000014,2975.3556050400025,no trend
38101,totn_mgNpm2,453.78105612,0.387514377839314,no trend,-1.266523004444434,2991.8931570266454,no trend
38102,totn_mgNpm2,451.24372958000004,0.387514377839314,no trend,-1.2594412094444385,2975.1639133066546,no trend
38103,totn_mgNpm2,191.61764790000004,1.6864601939392543e-06,decreasing,-3.561348684133338,7328.560410903209,decreasing
38104,totn_mgNpm2,180.83853256,1.6864601939392543e-06,decreasing,-3.361011239133341,6916.305055783216,decreasing
38105,totn_mgNpm2,185.2687179,1.6864601939392543e-06,decreasing,-3.443349348250006,7085.740811793013,decreasing
38106,totn_mgNpm2,197.70849742000001,1.6864601939392543e-06,decreasing,-3.674551405000006,7561.509513040012,decreasing
38107,totn_mgNpm2,213.95548426000002,1.6864601939392543e-06,decreasing,-3.9765130883333244,8182.887713279983,decreasing
38108,totn_mgNpm2,221.68383132000002,1.6864601939392543e-06,decreasing,-4.120149842500005,8478.46411569001,decreasing
38109,totn_mgNpm2,228.53826253999998,1.6864601939392543e-06,decreasing,-4.247544279999987,8740.616999659975,decreasing
38110,totn_mgNpm2,237.99847162,1.6864601939392543e-06,decreasing,-4.42336888,9102.42970714,decreasing
38111,totn_mgNpm2,221.42219301999998,1.6864601939392543e-06,decreasing,-4.115287119999991,8468.45758149998,decreasing
38112,totn_mgNpm2,215.59833203999997,1.6864601939392543e-06,decreasing,-4.007046540000005,8245.719598200008,decreasing
38113,totn_mgNpm2,240.59712054000002,1.6864601939392543e-06,decreasing,-4.471666628333315,9201.817043719964,decreasing
38114,totn_mgNpm2,242.02460912,1.6864601939392543e-06,decreasing,-4.498197480000005,9256.41235904001,decreasing
38123,totn_mgNpm2,602.41123096,1.6864601939392543e-06,decreasing,-11.19623617000001,23039.668515640016,decreasing
38124,totn_mgNpm2,571.9588434000001,1.6864601939392543e-06,decreasing,-10.630257120000014,21874.994111880027,decreasing
38125,totn_mgNpm2,556.9293097200001,1.6864601939392543e-06,decreasing,-10.350922679999996,21300.178360439993,decreasing
38126,totn_mgNpm2,582.9942333599998,1.6864601939392543e-06,decreasing,-10.835357609999988,22297.050883799977,decreasing
38127,totn_mgNpm2,597.49693248,1.6864601939392543e-06,decreasing,-11.104900482499964,22851.71749940993,decreasing
38128,totn_mgNpm2,591.7976782200001,1.6864601939392543e-06,decreasing,-10.998975819999998,22633.745221499994,decreasing
38129,totn_mgNpm2,555.8275142,1.6864601939392543e-06,decreasing,-10.33044505150001,21258.03939740602,decreasing
38130,totn_mgNpm2,603.2531667400001,1.6864601939392543e-06,decreasing,-11.211884144999999,23071.868993319997,decreasing
38131,totn_mgNpm2,594.07063352,1.6864601939392543e-06,decreasing,-11.041220294999988,22720.676104699978,decreasing
38132,totn_mgNpm2,586.69467738,1.6864601939392543e-06,decreasing,-10.904132960000014,22438.57712922003,decreasing
38133,totn_mgNpm2,608.0161885000001,1.6864601939392543e-06,decreasing,-11.300408245000014,23254.03431148003,decreasing
38134,totn_mgNpm2,444.95712898000005,1.6864601939392543e-06,decreasing,-8.26984101999999,17017.718533059982,decreasing
38135,totn_mgNpm2,422.76348099999996,1.6864601939392543e-06,decreasing,-7.857356465000009,16168.905836860018,decreasing
38136,totn_mgNpm2,416.19562025999994,1.6864601939392543e-06,decreasing,-7.735288154999985,15917.713082879969,decreasing
38137,totn_mgNpm2,427.45887617999995,1.6864601939392543e-06,decreasing,-7.9446236800000065,16348.484730900014,decreasing
38138,totn_mgNpm2,435.67492136000004,1.6864601939392543e-06,decreasing,-8.097324654999987,16662.713529979974,decreasing
38139,totn_mgNpm2,426.91066711999997,1.6864601939392543e-06,decreasing,-7.934434830000008,16327.518066440016,decreasing
38140,totn_mgNpm2,438.5975253799999,1.6864601939392543e-06,decreasing,-8.151643313333333,16774.4907253,decreasing
38141,totn_mgNpm2,431.21624602,1.6864601939392543e-06,decreasing,-8.014457045000015,16492.18816420003,decreasing
38142,totn_mgNpm2,421.52466733999995,1.6864601939392543e-06,decreasing,-7.834332240000002,16121.526476300003,decreasing
38143,totn_mgNpm2,437.86064125999997,1.6864601939392543e-06,decreasing,-8.137947789999998,16746.308012419995,decreasing
38144,totn_mgNpm2,419.9975042200001,1.6864601939392543e-06,decreasing,-7.805948831333346,16063.118962212026,decreasing
38145,totn_mgNpm2,426.3215021799999,1.6864601939392543e-06,decreasing,-7.923484799999983,16304.985041379967,decreasing
38146,totn_mgNpm2,448.48847973999995,1.6864601939392543e-06,decreasing,-8.335473643,17152.777660312,decreasing
38147,totn_mgNpm2,423.78512932,1.6864601939392543e-06,decreasing,-7.876344522499985,16207.97955240997,decreasing
38148,totn_mgNpm2,429.67840930000006,1.6864601939392543e-06,decreasing,-7.985875265666676,16433.372441696018,decreasing
38149,totn_mgNpm2,453.26217495999987,1.6864601939392543e-06,decreasing,-8.424196122999996,17335.351205451992,decreasing
38150,totn_mgNpm2,439.0371517,1.6864601939392543e-06,decreasing,-8.159814071500007,16791.304550986013,decreasing
38151,totn_mgNpm2,432.98547922,1.6864601939392543e-06,decreasing,-8.047339474999987,16559.853787119973,decreasing
38152,totn_mgNpm2,460.35513187999993,1.6864601939392543e-06,decreasing,-8.556023700000011,17606.62662668002,decreasing
38153,totn_mgNpm2,430.4775965,1.6864601939392543e-06,decreasing,-8.00072871499998,16463.93794135996,decreasing
38154,totn_mgNpm2,438.70966565999987,1.6864601939392543e-06,decreasing,-8.153727528333292,16778.779632439917,decreasing
38155,totn_mgNpm2,443.81622432000006,1.6864601939392543e-06,decreasing,-8.248636480000016,16974.083730240032,decreasing
38156,totn_mgNpm2,424.82282919999994,1.6864601939392543e-06,decreasing,-7.895630890000007,16247.667132760014,decreasing
38157,totn_mgNpm2,450.7275948000001,1.6864601939392543e-06,decreasing,-8.377089171499982,17238.414294485963,decreasing
38158,totn_mgNpm2,470.237124,1.6864601939392543e-06,decreasing,-8.739687485666668,17984.570845276,decreasing
38159,totn_mgNpm2,462.4447083199999,1.6864601939392543e-06,decreasing,-8.594859979999967,17686.544108239934,decreasing
38160,totn_mgNpm2,473.32882128,1.6864601939392543e-06,decreasing,-8.797148850000013,18102.815116680027,decreasing
38161,totn_mgNpm2,441.99003814,1.6864601939392543e-06,decreasing,-8.214695545000005,16904.23991032001,decreasing
38162,totn_mgNpm2,482.21770912000005,1.6864601939392543e-06,decreasing,-8.962355080000009,18442.77728944002,decreasing
38163,totn_mgNpm2,463.3488931400001,1.6864601939392543e-06,decreasing,-8.611664879999992,17721.125312659984,decreasing
38164,totn_mgNpm2,447.49526696,1.6864601939392543e-06,decreasing,-8.317014089999997,17114.791503319993,decreasing
38165,totn_mgNpm2,469.58215205999994,1.6864601939392543e-06,decreasing,-8.727514366666659,17959.520942859985,decreasing
38166,totn_mgNpm2,493.2869393200001,1.6864601939392543e-06,decreasing,-9.16808451999998,18866.12831739996,decreasing
38167,totn_mgNpm2,496.82361330000003,1.6864601939392543e-06,decreasing,-9.233816059999999,19001.39099754,decreasing
38168,totn_mgNpm2,496.00128634000004,1.6864601939392543e-06,decreasing,-9.218532540000012,18969.940496500025,decreasing
38169,totn_mgNpm2,503.3754500599999,1.6864601939392543e-06,decreasing,-9.355586566666679,19251.970929660023,decreasing
38170,totn_mgNpm2,585.48064358,5.131806497526981e-07,decreasing,-10.006276980000006,20638.05971150001,decreasing
38171,totn_mgNpm2,412.28722206000003,5.131806497526981e-07,decreasing,-7.109919473611111,14660.565847176666,decreasing
38172,totn_mgNpm2,323.62200765999995,6.537972045972396e-07,decreasing,-5.455343187777784,11256.129755966678,decreasing
38173,totn_mgNpm2,603.3630348199999,3.141766240499777e-07,decreasing,-10.668612499999991,21983.26248481998,decreasing
38174,totn_mgNpm2,414.83152172,5.131806497526981e-07,decreasing,-7.156984176805559,14757.42781203834,decreasing
38175,totn_mgNpm2,325.0243003,6.537972045972396e-07,decreasing,-5.481563474722231,11310.07750364335,decreasing
38176,totn_mgNpm2,292.69820244,5.131806497526981e-07,decreasing,-4.996284145416668,10305.251629855004,decreasing
38177,totn_mgNpm2,397.6105980000001,4.019580202019313e-07,decreasing,-6.947122035,14319.643156139999,decreasing
38178,totn_mgNpm2,335.58169484000007,4.019580202019313e-07,decreasing,-5.858599608750001,12076.215310775004,decreasing
38179,totn_mgNpm2,446.55346932000003,4.019580202019313e-07,decreasing,-7.745227163333336,15967.988704640005,decreasing
38180,totn_mgNpm2,385.62548794,6.537972045972396e-07,decreasing,-6.562383634722223,13536.642291923336,decreasing
38181,totn_mgNpm2,296.10490573999994,6.537972045972396e-07,decreasing,-4.978381685277773,10272.781803036656,decreasing
38182,totn_mgNpm2,246.59199207999998,6.537972045972396e-07,decreasing,-4.1545937144444425,8572.397795826664,decreasing
38183,totn_mgNpm2,277.31740722,5.131806497526981e-07,decreasing,-4.789817433333331,9876.111543619996,decreasing
38184,totn_mgNpm2,311.36397922,6.537972045972396e-07,decreasing,-5.241440086944452,10815.209913456682,decreasing
38185,totn_mgNpm2,231.85420524,6.537972045972396e-07,decreasing,-3.9070071872222245,8061.496608433337,decreasing
38186,totn_mgNpm2,297.84450864,6.537972045972396e-07,decreasing,-5.036576506111116,10391.143826886677,decreasing
38187,totn_mgNpm2,428.34348718,3.141766240499777e-07,decreasing,-7.537576375000004,15533.646542680008,decreasing
38188,totn_mgNpm2,282.66146482,6.537972045972396e-07,decreasing,-4.7475339440277775,9796.719488651666,decreasing
38189,totn_mgNpm2,213.75649497999996,6.537972045972396e-07,decreasing,-3.6057666448611103,7439.712851281665,decreasing
38190,totn_mgNpm2,550.1736993200001,8.879022317387353e-08,decreasing,-9.943567598611109,20477.08316693666,decreasing
38191,totn_mgNpm2,525.58507288,8.879022317387353e-08,decreasing,-9.562126287777774,19688.08615358666,decreasing
38192,totn_mgNpm2,450.60184119999997,6.85244367915061e-08,decreasing,-8.263660148333338,17010.97677846001,decreasing
38193,totn_mgNpm2,471.05952501999997,3.110020463381602e-08,decreasing,-8.677030763333331,17859.829174739993,decreasing
38194,totn_mgNpm2,429.47933938,6.85244367915061e-08,decreasing,-7.868617765555547,16198.189341553316,decreasing
38195,totn_mgNpm2,477.88101578000004,2.3799078485708947e-08,decreasing,-8.818709814444443,18150.575483926663,decreasing
38196,totn_mgNpm2,420.32345375999995,6.85244367915061e-08,decreasing,-7.6607926169444465,15772.55185811667,decreasing
38197,totn_mgNpm2,404.88667926,6.85244367915061e-08,decreasing,-7.388221883194441,15210.88333318166,decreasing
38198,totn_mgNpm2,485.63789638000003,1.8173359928042032e-08,decreasing,-9.022142065222226,18566.010595085343,decreasing
38199,totn_mgNpm2,426.0897893,6.85244367915061e-08,decreasing,-7.805924544444439,16069.162576366656,decreasing
38200,totn_mgNpm2,439.88674715999997,6.85244367915061e-08,decreasing,-8.069224208888887,16610.61206177333,decreasing
38201,totn_mgNpm2,1686.52,4.4954240330241646e-10,decreasing,-48.25975,98399.059,decreasing
38202,totn_mgNpm2,1662.25,4.4954240330241646e-10,decreasing,-48.59834415584417,99053.33168831171,decreasing
38203,totn_mgNpm2,1314.5,1.33951738590099e-10,decreasing,-31.57850961538461,64597.83326923076,decreasing
38204,totn_mgNpm2,1424.35,8.130602857647773e-10,decreasing,-40.919791666666654,83427.61249999999,decreasing
38205,totn_mgNpm2,1481.23,3.332003561951069e-10,decreasing,-42.86583333333327,87384.35999999987,decreasing
38206,totn_mgNpm2,1310.8400000000001,1.8188406336605567e-10,decreasing,-33.05246031746033,67547.9704761905,decreasing
38207,totn_mgNpm2,1558.1100000000001,5.28257437792945e-11,decreasing,-44.864999999999995,91467.56999999999,decreasing
38208,totn_mgNpm2,1936.69,1.4580483487236506e-09,decreasing,-60.30799999999999,122793.92199999999,decreasing
23540,totn_mgNpm2,656.75,8.879022317387353e-08,decreasing,-11.757333333333335,24218.446000000004,decreasing
38209,totn_mgNpm2,605.51,2.3799078485708947e-08,decreasing,-15.653928571428576,31975.982857142866,decreasing
38221,totn_mgNpm2,658.89,8.879022317387353e-08,decreasing,-15.68895238095238,32099.55057142857,decreasing
38214,totn_mgNpm2,477.16999999999996,2.3799078485708947e-08,decreasing,-10.211517857142857,20941.051785714284,decreasing
38217,totn_mgNpm2,521.85,1.8173359928042032e-08,decreasing,-13.006250000000001,26586.375,decreasing
36463,totn_mgNpm2,369.81000000000006,8.311885257850093e-07,decreasing,-13.032454545454545,26486.84890909091,decreasing
23597,totn_mgNpm2,454.56000000000006,4.0555047542412126e-08,decreasing,-18.243333333333332,37014.2,decreasing
36459,totn_mgNpm2,257.66,4.0555047542412126e-08,decreasing,-9.804583333333335,19906.045000000002,decreasing
38222,totn_mgNpm2,459.95000000000005,5.277223991129176e-08,decreasing,-12.560499999999996,25631.191999999992,decreasing
38227,totn_mgNpm2,426.26,7.989618522330488e-09,decreasing,-12.311602870813397,25098.712153110046,decreasing
38219,totn_mgNpm2,712.67,4.0555047542412126e-08,decreasing,-19.03927272727273,38867.37254545455,decreasing
38212,totn_mgNpm2,771.9499999999999,1.3848034718932922e-08,decreasing,-23.53963636363636,47945.38127272727,decreasing
38215,totn_mgNpm2,331.36,5.131806497526981e-07,decreasing,-7.247499999999999,14855.349999999999,decreasing
38228,totn_mgNpm2,331.56,6.537972045972396e-07,decreasing,-7.246713286713289,14853.973426573431,decreasing
38272,totn_mgNpm2,301.05,0.004714044997715217,decreasing,-2.860000000000004,6032.490000000008,decreasing
38355,totn_mgNpm2,424.72,3.110020463381602e-08,decreasing,-15.347666666666676,31181.44400000002,decreasing
38213,totn_mgNpm2,603.12,0.1289960116674873,no trend,-4.188531746031744,8996.937619047616,no trend
38229,totn_mgNpm2,297.39,8.311885257850093e-07,decreasing,-8.213000000000001,16756.242000000002,decreasing
38226,totn_mgNpm2,453.66999999999996,3.110020463381602e-08,decreasing,-16.66727564102564,33854.89038461538,decreasing
38391,totn_mgNpm2,327.82,6.85244367915061e-08,decreasing,-12.621666666666664,25621.639999999996,decreasing
38348,totn_mgNpm2,584.23,8.879022317387353e-08,decreasing,-19.55333333333332,39769.10999999998,decreasing
38291,totn_mgNpm2,319.5,0.020769866768182377,decreasing,-2.9820909090909113,6295.610181818186,decreasing
38220,totn_mgNpm2,1015.8399999999999,3.110020463381602e-08,decreasing,-22.47895833333334,46063.67250000001,decreasing
38216,totn_mgNpm2,909.28,5.277223991129176e-08,decreasing,-21.13194444444442,43257.69666666662,decreasing
38225,totn_mgNpm2,429.08000000000004,2.3799078485708947e-08,decreasing,-13.209934210526317,26901.78815789474,decreasing
38223,totn_mgNpm2,480.09000000000003,3.110020463381602e-08,decreasing,-14.10275,28742.001,decreasing
38224,totn_mgNpm2,477.65999999999997,2.3799078485708947e-08,decreasing,-14.082499999999996,28698.98999999999,decreasing
23505,totn_mgNpm2,1896.1000000000001,1.4580483487236506e-09,decreasing,-49.64023809523806,101375.13714285709,decreasing
23506,totn_mgNpm2,1759.87,2.4644131180195927e-10,decreasing,-47.215999999999994,96380.73399999998,decreasing
23507,totn_mgNpm2,2061.57,1.33951738590099e-10,decreasing,-63.933273809523804,130183.85071428571,decreasing
23508,totn_mgNpm2,1768.31,1.0899587898904883e-09,decreasing,-48.35111607142858,98663.94660714286,decreasing
23509,totn_mgNpm2,1625.11,1.8188406336605567e-10,decreasing,-36.85666666666667,75485.87000000001,decreasing
23510,totn_mgNpm2,1745.6499999999999,7.21895876409917e-11,decreasing,-50.9326111111111,103814.60266666664,decreasing
23511,totn_mgNpm2,1907.8000000000002,5.28257437792945e-11,decreasing,-65.5646315789474,133299.32168421056,decreasing
23512,totn_mgNpm2,1415.15,3.332003561951069e-10,decreasing,-40.71696172248804,83011.94129186602,decreasing
23513,totn_mgNpm2,1687.2,1.9462949030213395e-09,decreasing,-43.33625,88533.045,decreasing
23514,totn_mgNpm2,1412.2199999999998,4.4954240330241646e-10,decreasing,-40.69662679425838,82968.2600956938,decreasing
23516,totn_mgNpm2,2143.15,1.9462949030213395e-09,decreasing,-57.226971153846144,116826.00019230766,decreasing
23517,totn_mgNpm2,1881.98,4.4954240330241646e-10,decreasing,-46.844526315789466,95758.41073684208,decreasing
23518,totn_mgNpm2,1888.26,4.4954240330241646e-10,decreasing,-60.49499999999999,123120.23999999998,decreasing
23519,totn_mgNpm2,2114.96,1.8188406336605567e-10,decreasing,-67.33681818181819,137057.94363636363,decreasing
23520,totn_mgNpm2,1956.29,4.206112753202262e-06,decreasing,-33.17911616161616,68447.23878787877,decreasing
23521,totn_mgNpm2,1403.3200000000002,6.052149892354919e-10,decreasing,-40.94339826839826,83453.89012987012,decreasing
23522,totn_mgNpm2,1681.27,1.8188406336605567e-10,decreasing,-45.548819444444426,92961.10416666663,decreasing
23523,totn_mgNpm2,1911.4099999999999,1.8188406336605567e-10,decreasing,-62.83489177489177,127832.53311688312,decreasing
23524,totn_mgNpm2,1912.9,1.8188406336605567e-10,decreasing,-62.925692640692645,128015.98805194805,decreasing
23525,totn_mgNpm2,1797.1999999999998,1.8188406336605567e-10,decreasing,-46.365666666666684,94713.99600000003,decreasing
23526,totn_mgNpm2,2114.32,2.4644131180195927e-10,decreasing,-69.44642857142858,141284.96285714288,decreasing
23527,totn_mgNpm2,1413.2,3.332003561951069e-10,decreasing,-40.834090909090904,83244.71818181817,decreasing
23528,totn_mgNpm2,1920.62,7.21895876409917e-11,decreasing,-62.17666666666666,126522.65999999999,decreasing
23529,totn_mgNpm2,1840.71,1.9462949030213395e-09,decreasing,-50.53994047619045,103122.75071428568,decreasing
23530,totn_mgNpm2,1839.6100000000001,5.28257437792945e-11,decreasing,-47.51392857142858,97057.52285714287,decreasing
23531,totn_mgNpm2,1414.24,3.332003561951069e-10,decreasing,-40.71456937799043,83006.23703349283,decreasing
23532,totn_mgNpm2,1696.9299999999998,4.4954240330241646e-10,decreasing,-45.65375,93187.045,decreasing
23533,totn_mgNpm2,1687.6100000000001,6.052149892354919e-10,decreasing,-44.49085714285714,90847.2877142857,decreasing
23534,totn_mgNpm2,1575.47,4.4954240330241646e-10,decreasing,-44.196312500000005,90144.88025000002,decreasing
23535,totn_mgNpm2,1703.72,4.4954240330241646e-10,decreasing,-46.39854166666666,94686.39749999999,decreasing
23536,totn_mgNpm2,2078.57,1.8188406336605567e-10,decreasing,-64.15071428571429,130636.60142857143,decreasing
23537,totn_mgNpm2,1688.62,1.33951738590099e-10,decreasing,-45.975312499999994,93823.14624999998,decreasing
23538,totn_mgNpm2,1913.1799999999998,1.8188406336605567e-10,decreasing,-62.90018398268398,127965.14870129868,decreasing
23515,totn_mgNpm2,1774.4499999999998,7.21895876409917e-11,decreasing,-44.83400793650794,91621.8019047619,decreasing
23539,totn_mgNpm2,2112.62,2.4644131180195927e-10,decreasing,-69.38642857142855,141163.02285714282,decreasing
23552,totn_mgNpm2,882.85,4.206112753202262e-06,decreasing,-11.444803921568626,23818.237058823524,decreasing
23553,totn_mgNpm2,873.75,5.258060130852726e-06,decreasing,-11.446249999999964,23812.034999999927,decreasing
23554,totn_mgNpm2,882.85,4.206112753202262e-06,decreasing,-11.444803921568626,23818.237058823524,decreasing
23555,totn_mgNpm2,882.85,4.206112753202262e-06,decreasing,-11.444803921568626,23818.237058823524,decreasing
23556,totn_mgNpm2,477.81,5.258060130852726e-06,decreasing,-6.630254901960783,13764.84082352941,decreasing
23557,totn_mgNpm2,481.87,6.5593184299661544e-06,decreasing,-6.453235294117649,13414.15352941177,decreasing
23558,totn_mgNpm2,479.45,4.206112753202262e-06,decreasing,-6.541843137254902,13589.303647058823,decreasing
23559,totn_mgNpm2,545.85,5.131806497526981e-07,decreasing,-11.534166666666668,23660.32,decreasing
23560,totn_mgNpm2,631.67,5.131806497526981e-07,decreasing,-9.857333333333328,20385.76599999999,decreasing
23561,totn_mgNpm2,631.67,5.131806497526981e-07,decreasing,-9.857333333333328,20385.76599999999,decreasing
38553,totn_mgNpm2,518.74,3.141766240499777e-07,decreasing,-13.193194444444444,26957.90166666667,decreasing
38554,totn_mgNpm2,489.0,5.258060130852726e-06,decreasing,-5.808717105263161,12129.669078947376,decreasing
38555,totn_mgNpm2,375.44,3.357563338024505e-06,decreasing,-7.320470588235293,15045.663058823528,decreasing
38556,totn_mgNpm2,923.72,6.5593184299661544e-06,decreasing,-11.595178571428578,24160.457857142872,decreasing
38557,totn_mgNpm2,705.3499999999999,3.357563338024505e-06,decreasing,-11.045624999999987,22840.782499999972,decreasing
38558,totn_mgNpm2,602.69,1.3349516918559345e-06,decreasing,-9.516812500000002,19674.382250000002,decreasing
38559,totn_mgNpm2,386.94,3.141766240499777e-07,decreasing,-8.88166666666666,18185.799999999985,decreasing
38560,totn_mgNpm2,414.34000000000003,1.9072455659241427e-07,decreasing,-8.827571428571432,18104.79314285715,decreasing
38561,totn_mgNpm2,482.75,5.258060130852726e-06,decreasing,-6.493131578947368,13494.985684210526,decreasing
38562,totn_mgNpm2,722.4100000000001,1.6864601939392543e-06,decreasing,-10.752554347826088,22270.52891304348,decreasing
38563,totn_mgNpm2,500.15999999999997,5.131806497526981e-07,decreasing,-7.494040404040405,15518.21696969697,decreasing
23562,totn_mgNpm2,1092.8400000000001,6.052149892354919e-10,decreasing,-48.711428571428584,98710.54285714288,decreasing
23563,totn_mgNpm2,2397.1499999999996,3.332003561951069e-10,decreasing,-107.82683333333324,218482.1239999998,decreasing
23564,totn_mgNpm2,1070.29,8.130602857647773e-10,decreasing,-47.67714285714278,96615.28428571414,decreasing
23565,totn_mgNpm2,2471.85,3.332003561951069e-10,decreasing,-105.09666666666658,213085.56999999983,decreasing
23566,totn_mgNpm2,2798.1400000000003,6.052149892354919e-10,decreasing,-102.12211111111112,207450.8506666667,decreasing
23567,totn_mgNpm2,2838.1000000000004,8.130602857647773e-10,decreasing,-102.91642857142858,209082.62285714288,decreasing
38547,totn_mgNpm2,2373.65,1.9462949030213395e-09,decreasing,-104.42499999999995,211641.3499999999,decreasing
38548,totn_mgNpm2,1414.1100000000001,4.570577472051696e-09,decreasing,-63.748750000000086,129166.60500000017,decreasing
38549,totn_mgNpm2,1324.7,1.9462949030213395e-09,decreasing,-60.14500000000005,121855.2800000001,decreasing
38550,totn_mgNpm2,1084.6100000000001,6.052149892354919e-10,decreasing,-48.141214285714284,97559.60342857143,decreasing
38551,totn_mgNpm2,1076.71,2.5925106506008433e-09,decreasing,-47.224999999999966,95715.60999999994,decreasing
38552,totn_mgNpm2,1448.71,1.0899587898904883e-09,decreasing,-67.04250000000002,135801.88000000003,decreasing
23568,totn_mgNpm2,714.99,1.1480609685143861e-07,decreasing,-13.732366071428565,28234.651607142845,decreasing
23569,totn_mgNpm2,1197.35,1.0529761507171997e-08,decreasing,-28.42008928571427,58151.208928571396,decreasing
23570,totn_mgNpm2,981.8900000000001,8.879022317387353e-08,decreasing,-19.504583333333336,40069.075000000004,decreasing
23571,totn_mgNpm2,633.8299999999999,5.131806497526981e-07,decreasing,-9.175267379679143,19021.065828877,decreasing
23572,totn_mgNpm2,797.3,6.85244367915061e-08,decreasing,-16.681789473684212,34227.60610526316,decreasing
23573,totn_mgNpm2,902.02,6.85244367915061e-08,decreasing,-14.505000000000006,29970.04000000001,decreasing
23574,totn_mgNpm2,707.66,4.0555047542412126e-08,decreasing,-16.265749999999997,33304.223,decreasing
33066,totn_mgNpm2,742.62,2.6745756389612296e-06,decreasing,-11.697357142857145,24184.123714285717,decreasing
38545,totn_mgNpm2,739.51,1.9203218714070047e-05,decreasing,-10.260428571428577,21301.408857142866,decreasing
38546,totn_mgNpm2,660.6800000000001,6.5593184299661544e-06,decreasing,-10.026818181818177,20754.423636363626,decreasing
38605,totn_mgNpm2,3503.05,1.33951738590099e-10,decreasing,-116.53729166666665,237043.78249999994,decreasing
38606,totn_mgNpm2,3356.6899999999996,1.8188406336605567e-10,decreasing,-98.51012820512821,200770.98692307694,decreasing
38607,totn_mgNpm2,2585.92,1.9462949030213395e-09,decreasing,-69.20981249999997,141282.38424999994,decreasing
38269,totn_mgNpm2,870.57,1.6864601939392543e-06,decreasing,-35.618484848484854,72250.01363636366,decreasing
38310,totn_mgNpm2,1387.79,3.141766240499777e-07,decreasing,-63.44749999999992,128536.57999999983,decreasing
38306,totn_mgNpm2,960.95,2.450469624992735e-07,decreasing,-52.44124999999997,106053.21499999994,decreasing
38298,totn_mgNpm2,1049.1,2.450469624992735e-07,decreasing,-63.86352380952381,129031.60171428573,decreasing
38292,totn_mgNpm2,748.5400000000001,1.3848034718932922e-08,decreasing,-32.93584415584415,66751.97168831168,decreasing
38285,totn_mgNpm2,1298.62,2.450469624992735e-07,decreasing,-79.82647916666667,161270.88425,decreasing
38243,totn_mgNpm2,1149.8799999999999,1.9072455659241427e-07,decreasing,-60.876882352941166,123147.1522352941,decreasing
38265,totn_mgNpm2,526.72,8.311885257850093e-07,decreasing,-23.555000000000042,47730.94000000009,decreasing
38261,totn_mgNpm2,1159.34,1.9072455659241427e-07,decreasing,-58.089615384615435,117570.92923076932,decreasing
38249,totn_mgNpm2,1027.31,8.879022317387353e-08,decreasing,-50.94125,103113.575,decreasing
38288,totn_mgNpm2,735.31,6.537972045972396e-07,decreasing,-33.3035,67475.52399999999,decreasing
38271,totn_mgNpm2,603.88,6.537972045972396e-07,decreasing,-24.300865800865804,49302.81506493507,decreasing
38297,totn_mgNpm2,868.5799999999999,1.481307767559059e-07,decreasing,-38.74224999999999,78508.04899999998,decreasing
38245,totn_mgNpm2,1386.89,5.131806497526981e-07,decreasing,-43.932875000000024,89428.37150000005,decreasing
38275,totn_mgNpm2,1375.65,1.9072455659241427e-07,decreasing,-51.81624999999997,105215.41499999994,decreasing
38273,totn_mgNpm2,1447.47,1.3349516918559345e-06,decreasing,-38.40136363636363,78403.8027272727,decreasing
38290,totn_mgNpm2,1072.76,5.258060130852726e-06,decreasing,-23.66118181818182,48489.76836363637,decreasing
38299,totn_mgNpm2,729.26,4.0555047542412126e-08,decreasing,-30.75428571428571,62360.84857142856,decreasing
38277,totn_mgNpm2,415.92,3.141766240499777e-07,decreasing,-11.5565,23575.145999999997,decreasing
38251,totn_mgNpm2,1112.43,5.131806497526981e-07,decreasing,-24.105549450549447,49419.95109890109,decreasing
38262,totn_mgNpm2,339.89,4.019580202019313e-07,decreasing,-9.880142857142857,20139.696285714286,decreasing
38317,totn_mgNpm2,506.7,1.6864601939392543e-06,decreasing,-13.34754545454545,27255.181090909082,decreasing
38268,totn_mgNpm2,728.79,1.2574637393125698e-05,decreasing,-14.469734848484851,29726.13863636364,decreasing
38239,totn_mgNpm2,853.3900000000001,1.481307767559059e-07,decreasing,-35.97166666666665,72940.60999999997,decreasing
38286,totn_mgNpm2,700.78,0.00020446098532356238,decreasing,-13.521581196581195,27798.028717948713,decreasing
38267,totn_mgNpm2,295.40999999999997,6.5593184299661544e-06,decreasing,-6.430576923076924,13182.286153846155,decreasing
38282,totn_mgNpm2,324.01,6.5593184299661544e-06,decreasing,-5.295634920634919,10936.462380952378,decreasing
38309,totn_mgNpm2,320.38,0.005448604576648863,decreasing,-2.331833333333334,4993.374000000002,decreasing
38257,totn_mgNpm2,363.97,4.206112753202262e-06,decreasing,-6.363750000000003,13116.925000000005,decreasing
38258,totn_mgNpm2,227.63,0.0030162106167233027,decreasing,-3.3001470588235327,6841.124705882359,decreasing
38404,totn_mgNpm2,601.45,4.019580202019313e-07,decreasing,-23.340091911764706,47374.99419117647,decreasing
38345,totn_mgNpm2,656.27,1.1480609685143861e-07,decreasing,-25.988888888888894,52738.00333333334,decreasing
38248,totn_mgNpm2,151.07,2.3799078485708947e-08,decreasing,-4.052261904761906,8271.80285714286,decreasing
38307,totn_mgNpm2,222.29000000000002,9.608161668706039e-05,decreasing,-3.9003308823529417,8038.553088235295,decreasing
38349,totn_mgNpm2,709.06,4.570577472051696e-09,decreasing,-25.329818181818183,51470.015636363634,decreasing
38280,totn_mgNpm2,259.07,0.0005965451621383622,decreasing,-3.104000000000002,6479.4860000000035,decreasing
38397,totn_mgNpm2,97.39000000000001,4.0555047542412126e-08,decreasing,-3.3892916666666664,6889.5305,decreasing
38230,totn_mgNpm2,218.43,4.019580202019313e-07,decreasing,-7.601250000000007,15451.335000000015,decreasing
38250,totn_mgNpm2,166.76,5.3357947806809136e-05,decreasing,-3.9824836601307196,8147.657254901962,decreasing
38398,totn_mgNpm2,1206.23,1.8173359928042032e-08,decreasing,-41.848617647058816,85070.85976470586,decreasing
38409,totn_mgNpm2,828.58,8.879022317387353e-08,decreasing,-30.180769230769208,61310.84153846149,decreasing
36464,totn_mgNpm2,141.66,6.85244367915061e-08,decreasing,-5.602470588235294,11369.011058823527,decreasing
38394,totn_mgNpm2,791.12,7.989618522330488e-09,decreasing,-25.184772727272748,51261.40454545459,decreasing
38373,totn_mgNpm2,791.27,3.110020463381602e-08,decreasing,-29.029459064327487,58966.30596491228,decreasing
38231,totn_mgNpm2,181.51000000000002,3.4459417541654602e-09,decreasing,-5.85413043478262,11913.187391304371,decreasing
38289,totn_mgNpm2,91.09,8.311885257850093e-07,decreasing,-1.8898214285714283,3878.2921428571426,decreasing
36461,totn_mgNpm2,135.57,5.131806497526981e-07,decreasing,-4.5892857142857135,9332.49857142857,decreasing
38377,totn_mgNpm2,1112.92,2.3799078485708947e-08,decreasing,-40.86576923076923,83007.92153846154,decreasing
38210,totn_mgNpm2,165.84,2.3799078485708947e-08,decreasing,-5.235555555555555,10657.893333333332,decreasing
38211,totn_mgNpm2,160.37,3.110020463381602e-08,decreasing,-4.956022727272726,10092.239545454544,decreasing
38244,totn_mgNpm2,192.49,0.0016164569904013604,decreasing,-3.0611507936507945,6327.036190476192,decreasing
38259,totn_mgNpm2,165.44,0.005448604576648863,decreasing,-2.883859649122806,5944.694736842102,decreasing
38237,totn_mgNpm2,603.36,8.879022317387353e-08,decreasing,-24.13325000000001,48966.393000000025,decreasing
38240,totn_mgNpm2,616.26,8.879022317387353e-08,decreasing,-23.380866013071895,47471.51549019608,decreasing
38236,totn_mgNpm2,699.24,5.277223991129176e-08,decreasing,-28.456666666666685,57726.40000000004,decreasing
38305,totn_mgNpm2,558.81,1.1480609685143861e-07,decreasing,-21.711666666666666,44068.99,decreasing
38284,totn_mgNpm2,532.4000000000001,5.277223991129176e-08,decreasing,-18.170000000000016,36945.08000000003,decreasing
38304,totn_mgNpm2,517.91,1.9072455659241427e-07,decreasing,-18.820000000000014,38233.19000000003,decreasing
38302,totn_mgNpm2,393.88,1.1480609685143861e-07,decreasing,-14.518499999999989,29488.95399999998,decreasing
38278,totn_mgNpm2,103.51,7.989618522330488e-09,decreasing,-2.557499999999999,5228.739999999999,decreasing
38235,totn_mgNpm2,502.62,3.141766240499777e-07,decreasing,-20.327500000000015,41238.93000000003,decreasing
38311,totn_mgNpm2,457.13,1.6864601939392543e-06,decreasing,-16.176770833333336,32875.37875,decreasing
38300,totn_mgNpm2,769.8299999999999,3.141766240499777e-07,decreasing,-30.910416666666656,62714.30499999998,decreasing
38241,totn_mgNpm2,604.69,2.6745756389612296e-06,decreasing,-26.292779605263156,53295.420328947366,decreasing
38266,totn_mgNpm2,294.81,6.5593184299661544e-06,decreasing,-11.889999999999997,24122.369999999995,decreasing
38247,totn_mgNpm2,383.84999999999997,3.357563338024505e-06,decreasing,-16.796190476190482,34043.41571428572,decreasing
38263,totn_mgNpm2,283.17,1.3349516918559345e-06,decreasing,-12.424107142857148,25181.080714285723,decreasing
38270,totn_mgNpm2,339.28999999999996,2.126044551520323e-06,decreasing,-12.766842105263152,25924.041578947355,decreasing
38238,totn_mgNpm2,1016.67,6.537972045972396e-07,decreasing,-59.797979166666664,120851.82024999999,decreasing
38303,totn_mgNpm2,803.57,8.311885257850093e-07,decreasing,-47.630875,96255.84350000002,decreasing
38301,totn_mgNpm2,921.6800000000001,4.019580202019313e-07,decreasing,-53.69443181818181,108525.32136363635,decreasing
38293,totn_mgNpm2,642.3,8.311885257850093e-07,decreasing,-31.35125000000002,63470.205000000045,decreasing
38296,totn_mgNpm2,396.93,3.357563338024505e-06,decreasing,-17.418750000000003,35304.105,decreasing
38281,totn_mgNpm2,389.15,2.126044551520323e-06,decreasing,-16.70666666666667,33869.31000000001,decreasing
38279,totn_mgNpm2,325.71999999999997,1.3349516918559345e-06,decreasing,-13.922012987012987,28225.434025974027,decreasing
38260,totn_mgNpm2,283.74,5.131806497526981e-07,decreasing,-11.5180625,23365.93725,decreasing
38312,totn_mgNpm2,988.02,6.537972045972396e-07,decreasing,-59.591062091503275,120408.50843137257,decreasing
38287,totn_mgNpm2,201.13,0.0025885719761729042,decreasing,-3.7204202898550727,7656.852260869566,decreasing
38315,totn_mgNpm2,171.03,8.16546668325202e-06,decreasing,-2.6638815789473673,5509.448684210523,decreasing
38242,totn_mgNpm2,403.23,2.126044551520323e-06,decreasing,-14.83016666666667,30122.884000000005,decreasing
38313,totn_mgNpm2,1231.58,5.258060130852726e-06,decreasing,-31.98541666666666,65330.35499999999,decreasing
38314,totn_mgNpm2,603.5699999999999,1.6864601939392543e-06,decreasing,-29.41125000000001,59543.71500000002,decreasing
38246,totn_mgNpm2,645.0,5.258060130852726e-06,decreasing,-12.339875000000001,25374.109500000002,decreasing
23586,totn_mgNpm2,1229.98,1.4580483487236506e-09,decreasing,-36.11295751633987,73600.3468627451,decreasing
29759,totn_mgNpm2,1223.06,1.0899587898904883e-09,decreasing,-35.70176923076924,72769.40553846155,decreasing
38564,totn_mgNpm2,1266.52,2.450469624992735e-07,decreasing,-20.618071428571447,42585.13514285718,decreasing
38565,totn_mgNpm2,1412.12,6.0493725584365166e-09,decreasing,-40.33181159420295,82237.0704347827,decreasing
38566,totn_mgNpm2,1373.76,7.989618522330488e-09,decreasing,-36.9510350877193,75423.63431578947,decreasing
38567,totn_mgNpm2,1186.1,2.3799078485708947e-08,decreasing,-23.252555555555553,47784.22133333333,decreasing
38568,totn_mgNpm2,1411.2800000000002,5.131806497526981e-07,decreasing,-23.23286842105263,47969.948315789465,decreasing
38318,totn_mgNpm2,935.3700000000001,1.8173359928042032e-08,decreasing,-24.311666666666667,49655.950000000004,decreasing
38319,totn_mgNpm2,935.45,1.3848034718932922e-08,decreasing,-24.153437500000027,49338.93875000005,decreasing
38320,totn_mgNpm2,892.1899999999999,4.0555047542412126e-08,decreasing,-23.707214912280698,48401.44868421052,decreasing
38321,totn_mgNpm2,907.46,3.110020463381602e-08,decreasing,-24.00110294117647,49005.67029411764,decreasing
38322,totn_mgNpm2,897.3500000000001,2.3799078485708947e-08,decreasing,-24.065526315789462,49124.66473684208,decreasing
38323,totn_mgNpm2,839.72,1.8173359928042032e-08,decreasing,-21.998411764705878,44924.53717647058,decreasing
38324,totn_mgNpm2,835.8,1.8173359928042032e-08,decreasing,-23.111111111111136,47150.46666666672,decreasing
38325,totn_mgNpm2,870.96,2.3799078485708947e-08,decreasing,-23.4584375,47881.66875,decreasing
38326,totn_mgNpm2,861.1400000000001,3.110020463381602e-08,decreasing,-23.369839816933634,47694.298993135,decreasing
38327,totn_mgNpm2,854.68,3.110020463381602e-08,decreasing,-23.23052989130435,47408.66190217392,decreasing
38328,totn_mgNpm2,841.98,1.3848034718932922e-08,decreasing,-23.243777777777783,47422.51066666668,decreasing
38329,totn_mgNpm2,843.9300000000001,1.3848034718932922e-08,decreasing,-23.36657608695652,47670.54847826087,decreasing
38330,totn_mgNpm2,1048.41,6.0493725584365166e-09,decreasing,-26.4252380952381,54004.587142857155,decreasing
38331,totn_mgNpm2,863.46,2.3799078485708947e-08,decreasing,-21.53000000000001,44009.580000000016,decreasing
38332,totn_mgNpm2,769.54,1.0529761507171997e-08,decreasing,-22.114246031746028,45086.48904761904,decreasing
38333,totn_mgNpm2,876.1700000000001,4.0555047542412126e-08,decreasing,-22.139166666666647,45243.05999999996,decreasing
38334,totn_mgNpm2,873.63,4.0555047542412126e-08,decreasing,-21.90985294117648,44780.97529411766,decreasing
38335,totn_mgNpm2,71.5,2.7547796399574054e-07,decreasing,-1.5784057971014493,3234.6252173913044,decreasing
23598,totn_mgNpm2,837.3,3.4459417541654602e-09,decreasing,-26.826874999999994,54598.35749999999,decreasing
23603,totn_mgNpm2,878.63,4.0555047542412126e-08,decreasing,-30.055296052631586,61109.4432894737,decreasing
38370,totn_mgNpm2,543.13,6.85244367915061e-08,decreasing,-19.01166666666666,38642.50999999998,decreasing
36460,totn_mgNpm2,1374.88,6.85244367915061e-08,decreasing,-49.79499999999997,101164.05999999995,decreasing
38232,totn_mgNpm2,97.50999999999999,6.5593184299661544e-06,decreasing,-2.321948529411765,4750.6948529411775,decreasing
36462,totn_mgNpm2,764.24,6.0493725584365166e-09,decreasing,-27.502499999999998,55879.24999999999,decreasing
38283,totn_mgNpm2,148.75,0.00628497005627171,decreasing,-2.1949142156862758,4547.358088235296,decreasing
38294,totn_mgNpm2,112.28,2.6745756389612296e-06,decreasing,-2.4862077294685982,5094.6402898550705,decreasing
38344,totn_mgNpm2,255.73000000000002,5.131806497526981e-07,decreasing,-7.3408585858585855,14966.810606060604,decreasing
38390,totn_mgNpm2,801.94,1.9072455659241427e-07,decreasing,-26.011249999999976,52928.48499999996,decreasing
38411,totn_mgNpm2,685.6400000000001,8.879022317387353e-08,decreasing,-21.363083333333336,43497.259000000005,decreasing
38338,totn_mgNpm2,564.26,1.1480609685143861e-07,decreasing,-21.506249999999994,43662.78499999999,decreasing
38369,totn_mgNpm2,522.67,1.481307767559059e-07,decreasing,-19.37202380952381,39344.205714285716,decreasing
38395,totn_mgNpm2,538.36,1.481307767559059e-07,decreasing,-20.229551282051286,41078.380769230775,decreasing
38339,totn_mgNpm2,213.76,1.1480609685143861e-07,decreasing,-8.76548076923077,17779.78346153846,decreasing
38384,totn_mgNpm2,1134.04,1.3848034718932922e-08,decreasing,-34.04866666666666,69367.56799999998,decreasing
38233,totn_mgNpm2,103.33999999999999,3.357563338024505e-06,decreasing,-2.2910714285714286,4694.647142857143,decreasing
38378,totn_mgNpm2,483.78,3.141766240499777e-07,decreasing,-18.847098214285722,38253.364821428586,decreasing
38401,totn_mgNpm2,541.38,6.537972045972396e-07,decreasing,-22.11749999999998,44864.849999999955,decreasing
38410,totn_mgNpm2,554.14,3.141766240499777e-07,decreasing,-22.740000000000066,46125.10000000013,decreasing
38372,totn_mgNpm2,659.22,6.0493725584365166e-09,decreasing,-22.41940476190476,45587.70714285714,decreasing
38350,totn_mgNpm2,1071.99,3.4459417541654602e-09,decreasing,-29.34334523809523,59876.05385714284,decreasing
38385,totn_mgNpm2,695.46,1.0529761507171997e-08,decreasing,-23.30249999999998,47393.66999999996,decreasing
38408,totn_mgNpm2,580.0,8.879022317387353e-08,decreasing,-23.057500000000054,46787.23000000011,decreasing
38340,totn_mgNpm2,612.52,1.9072455659241427e-07,decreasing,-24.198377976190475,49106.069464285705,decreasing
38342,totn_mgNpm2,665.35,3.141766240499777e-07,decreasing,-26.47166666666667,53714.57000000001,decreasing
38382,totn_mgNpm2,652.55,1.1480609685143861e-07,decreasing,-27.04666666666668,54854.07000000003,decreasing
38407,totn_mgNpm2,743.05,1.9462949030213395e-09,decreasing,-25.066354166666663,50976.02374999999,decreasing
38375,totn_mgNpm2,665.47,4.019580202019313e-07,decreasing,-25.593999999999987,51955.845999999976,decreasing
38386,totn_mgNpm2,662.5,1.9072455659241427e-07,decreasing,-25.936000000000035,52638.24400000007,decreasing
38341,totn_mgNpm2,622.45,1.1480609685143861e-07,decreasing,-25.50249999999997,51729.459999999934,decreasing
38357,totn_mgNpm2,662.5,4.570577472051696e-09,decreasing,-21.249676113360323,43246.850931174085,decreasing
38358,totn_mgNpm2,562.38,2.3799078485708947e-08,decreasing,-20.844988558352405,42335.737070938216,decreasing
38412,totn_mgNpm2,546.27,4.0555047542412126e-08,decreasing,-21.039166666666674,42708.76000000001,decreasing
38389,totn_mgNpm2,503.76,5.277223991129176e-08,decreasing,-18.09995535714286,36776.070535714294,decreasing
38396,totn_mgNpm2,416.45000000000005,4.0555047542412126e-08,decreasing,-16.347119565217383,33176.07760869563,decreasing
38337,totn_mgNpm2,853.69,1.3848034718932922e-08,decreasing,-29.824583333333344,60622.15500000002,decreasing
38376,totn_mgNpm2,257.84000000000003,1.481307767559059e-07,decreasing,-10.007772727272727,20313.416545454544,decreasing
38367,totn_mgNpm2,1118.55,6.0493725584365166e-09,decreasing,-30.881237373737363,63004.549696969676,decreasing
38353,totn_mgNpm2,1286.74,3.4459417541654602e-09,decreasing,-34.74639423076924,70918.51403846157,decreasing
38381,totn_mgNpm2,222.69,2.3799078485708947e-08,decreasing,-7.710849673202615,15675.232745098041,decreasing
38356,totn_mgNpm2,260.96000000000004,1.1480609685143861e-07,decreasing,-10.44622727272727,21195.19945454545,decreasing
38361,totn_mgNpm2,782.53,1.3848034718932922e-08,decreasing,-27.980416666666656,56855.284999999974,decreasing
38352,totn_mgNpm2,1040.19,1.8173359928042032e-08,decreasing,-34.70000000000001,70578.99000000002,decreasing
38403,totn_mgNpm2,734.1400000000001,1.0529761507171997e-08,decreasing,-21.351666666666624,43522.87999999992,decreasing
38351,totn_mgNpm2,717.2,6.0493725584365166e-09,decreasing,-24.338750000000005,49492.05500000001,decreasing
38366,totn_mgNpm2,116.46000000000001,1.481307767559059e-07,decreasing,-3.977720588235294,8087.812058823529,decreasing
38402,totn_mgNpm2,238.62,1.1480609685143861e-07,decreasing,-8.611249999999998,17495.564999999995,decreasing
38371,totn_mgNpm2,408.71,1.8173359928042032e-08,decreasing,-14.599607843137257,29666.324117647062,decreasing
38359,totn_mgNpm2,889.6200000000001,2.3799078485708947e-08,decreasing,-37.24958333333334,75537.785,decreasing
38234,totn_mgNpm2,102.58,4.206112753202262e-06,decreasing,-2.2717948717948717,4655.256923076923,decreasing
38274,totn_mgNpm2,100.15,3.357563338024505e-06,decreasing,-2.2178656126482212,4544.752687747035,decreasing
38308,totn_mgNpm2,95.49000000000001,2.450469624992735e-07,decreasing,-2.9173263888888887,5941.812083333333,decreasing
38405,totn_mgNpm2,318.75,1.3848034718932922e-08,decreasing,-12.224507575757574,24816.663181818178,decreasing
38295,totn_mgNpm2,105.8,2.450469624992735e-07,decreasing,-2.5086651583710404,5133.164977375565,decreasing
38316,totn_mgNpm2,96.86,7.989618522330488e-09,decreasing,-2.8306932773109246,5769.569327731093,decreasing
38414,totn_mgNpm2,632.0799999999999,2.450469624992735e-07,decreasing,-24.778333333333343,50287.86000000002,decreasing
38368,totn_mgNpm2,1191.48,1.0529761507171997e-08,decreasing,-36.79866666666666,74936.00799999999,decreasing
38364,totn_mgNpm2,1191.15,2.3799078485708947e-08,decreasing,-36.27313725490197,73882.51705882353,decreasing
38387,totn_mgNpm2,419.63,8.879022317387353e-08,decreasing,-14.711503267973857,29901.48254901961,decreasing
38256,totn_mgNpm2,101.98,1.9462949030213395e-09,decreasing,-3.302843137254902,6720.877647058823,decreasing
38374,totn_mgNpm2,466.8,8.879022317387353e-08,decreasing,-16.72476449275363,33983.22804347827,decreasing
38362,totn_mgNpm2,468.02,8.879022317387353e-08,decreasing,-15.71261904761905,31956.108571428576,decreasing
38354,totn_mgNpm2,362.63,2.450469624992735e-07,decreasing,-12.688125000000001,25789.632500000003,decreasing
38415,totn_mgNpm2,551.09,8.879022317387353e-08,decreasing,-21.05405701754386,42743.420263157896,decreasing
38379,totn_mgNpm2,211.25,1.1480609685143861e-07,decreasing,-7.4576388888888925,15156.35833333334,decreasing
38363,totn_mgNpm2,229.48000000000002,1.1480609685143861e-07,decreasing,-8.225833333333334,16714.05,decreasing
38383,totn_mgNpm2,548.11,5.277223991129176e-08,decreasing,-17.364166666666648,35345.899999999965,decreasing
38346,totn_mgNpm2,1150.92,4.0555047542412126e-08,decreasing,-34.506522727272724,70301.99154545454,decreasing
38406,totn_mgNpm2,304.18,1.3848034718932922e-08,decreasing,-10.50277777777778,21351.74666666667,decreasing
38399,totn_mgNpm2,1037.93,2.3799078485708947e-08,decreasing,-31.80735294117649,64779.865294117684,decreasing
38255,totn_mgNpm2,104.73,1.481307767559059e-07,decreasing,-2.4964935064935077,5107.702987012989,decreasing
38413,totn_mgNpm2,1092.63,1.0529761507171997e-08,decreasing,-36.93284615384616,75106.0536923077,decreasing
38388,totn_mgNpm2,1507.58,1.8173359928042032e-08,decreasing,-45.83504545454546,93361.0110909091,decreasing
38264,totn_mgNpm2,100.78999999999999,1.9462949030213395e-09,decreasing,-3.200277777777778,6514.146666666667,decreasing
38276,totn_mgNpm2,107.75999999999999,1.8173359928042032e-08,decreasing,-2.7920416666666665,5703.0115,decreasing
38416,totn_mgNpm2,652.93,2.450469624992735e-07,decreasing,-25.344551282051277,51443.41076923076,decreasing
38392,totn_mgNpm2,597.66,4.0555047542412126e-08,decreasing,-23.55974308300396,47811.38513833994,decreasing
38393,totn_mgNpm2,855.77,5.965540572638872e-08,decreasing,-29.652032967032987,60278.444065934105,decreasing
38218,totn_mgNpm2,81.14999999999999,1.5555676707190713e-05,decreasing,-1.7051666666666665,3498.3039999999996,decreasing
38253,totn_mgNpm2,87.82,2.126044551520323e-06,decreasing,-1.9997619047619049,4095.3428571428576,decreasing
38252,totn_mgNpm2,88.08000000000001,2.126044551520323e-06,decreasing,-1.89125,3878.145,decreasing
38347,totn_mgNpm2,509.52,1.3848034718932922e-08,decreasing,-17.909289772727274,36399.73670454545,decreasing
38417,totn_mgNpm2,500.26,4.0555047542412126e-08,decreasing,-17.83011904761905,36231.81857142858,decreasing
38360,totn_mgNpm2,904.51,2.3799078485708947e-08,decreasing,-28.10176406926407,57220.4451948052,decreasing
38254,totn_mgNpm2,93.42999999999999,2.126044551520323e-06,decreasing,-2.1492063492063487,4400.439523809523,decreasing
38380,totn_mgNpm2,881.3699999999999,5.277223991129176e-08,decreasing,-36.24249999999995,73511.3399999999,decreasing
38365,totn_mgNpm2,710.95,1.9462949030213395e-09,decreasing,-19.38883333333333,39566.17199999999,decreasing
38336,totn_mgNpm2,706.7,3.110020463381602e-08,decreasing,-21.18022727272728,43151.875454545465,decreasing
38343,totn_mgNpm2,875.04,1.0529761507171997e-08,decreasing,-27.748920454545456,56483.876590909094,decreasing
38400,totn_mgNpm2,832.47,4.570577472051696e-09,decreasing,-26.224671052631574,53386.71078947368,decreasing
23472,totn_mgNpm2,996.08,8.130602857647773e-10,decreasing,-46.754999999999995,94693.09999999999,decreasing
23474,totn_mgNpm2,704.04,6.052149892354919e-10,decreasing,-28.169642857142843,57156.00428571426,decreasing
23475,totn_mgNpm2,691.59,6.052149892354919e-10,decreasing,-27.817954545454548,56438.77090909091,decreasing
23478,totn_mgNpm2,651.51,8.130602857647773e-10,decreasing,-28.010303643724697,56784.15850202429,decreasing
23488,totn_mgNpm2,1292.44,1.4580483487236506e-09,decreasing,-61.29958333333334,124136.80500000001,decreasing
23489,totn_mgNpm2,1345.07,2.4644131180195927e-10,decreasing,-66.28023219814241,134170.65532507742,decreasing
23495,totn_mgNpm2,997.5799999999999,1.0899587898904883e-09,decreasing,-45.649999999999906,92480.17999999982,decreasing
23496,totn_mgNpm2,1829.5,3.332003561951069e-10,decreasing,-77.32874999999999,156796.31499999997,decreasing
23497,totn_mgNpm2,1054.8899999999999,1.8188406336605567e-10,decreasing,-50.367896825396826,101992.15523809523,decreasing
38426,totn_mgNpm2,405.02,1.9072455659241427e-07,decreasing,-10.611214285714283,21669.893428571424,decreasing
38433,totn_mgNpm2,563.17,6.5593184299661544e-06,decreasing,-11.336214285714295,23280.943428571445,decreasing
38434,totn_mgNpm2,720.06,5.131806497526981e-07,decreasing,-17.253142857142855,35295.358285714276,decreasing
38435,totn_mgNpm2,752.47,1.054484505047526e-06,decreasing,-15.089930830039528,30992.691383399215,decreasing
38436,totn_mgNpm2,836.75,6.537972045972396e-07,decreasing,-16.266041666666656,33433.89749999998,decreasing
38437,totn_mgNpm2,942.32,5.131806497526981e-07,decreasing,-18.85481366459627,38727.366583850926,decreasing
38438,totn_mgNpm2,1070.74,4.019580202019313e-07,decreasing,-21.364333333333335,43884.864,decreasing
38439,totn_mgNpm2,953.31,5.131806497526981e-07,decreasing,-19.028820346320344,39087.065974025965,decreasing
38418,totn_mgNpm2,1124.74,7.989618522330488e-09,decreasing,-24.87136363636364,50966.952727272736,decreasing
38419,totn_mgNpm2,1018.5,1.8173359928042032e-08,decreasing,-24.37738095238095,49870.771428571425,decreasing
38420,totn_mgNpm2,1502.78,1.4580483487236506e-09,decreasing,-44.737333333333346,91156.39600000002,decreasing
38421,totn_mgNpm2,1453.8899999999999,3.332003561951069e-10,decreasing,-42.91034759358289,87446.22657754012,decreasing
38422,totn_mgNpm2,953.21,3.110020463381602e-08,decreasing,-20.482222222222227,41999.58333333334,decreasing
38423,totn_mgNpm2,1045.1399999999999,4.570577472051696e-09,decreasing,-19.82875,40781.955,decreasing
38424,totn_mgNpm2,939.44,1.0529761507171997e-08,decreasing,-21.021629072681705,43066.784661654136,decreasing
38425,totn_mgNpm2,879.0,1.054484505047526e-06,decreasing,-12.970197628458502,26871.276047430838,decreasing
38427,totn_mgNpm2,1187.23,1.6864601939392543e-06,decreasing,-14.515312500000018,30275.916250000035,decreasing
38428,totn_mgNpm2,1115.72,2.126044551520323e-06,decreasing,-14.04361904761905,29259.132571428578,decreasing
38429,totn_mgNpm2,881.3199999999999,4.019580202019313e-07,decreasing,-13.568684210526285,28072.963157894676,decreasing
38430,totn_mgNpm2,951.49,2.3799078485708947e-08,decreasing,-18.989323308270688,39006.093909774456,decreasing
38431,totn_mgNpm2,915.37,7.989618522330488e-09,decreasing,-21.553461538461534,44108.506923076915,decreasing
38432,totn_mgNpm2,377.87,1.481307767559059e-07,decreasing,-9.23627840909091,18887.37193181818,decreasing
