station_id,year,EMEP_Standard_DEP_SOX_mgpm2,EMEP_Standard_DEP_TOTN_mgpm2
23505,2000,771.8779,1980.2115
23506,2000,801.3176,2200.6033
23507,2000,955.1237,2178.7178
23509,2000,690.23505,1696.1476
23510,2000,751.6974,2001.4767
23511,2000,1036.9272,2229.6514
23512,2000,555.3643,1567.948
23514,2000,555.3643,1567.948
23522,2000,720.06604,1940.9312
23525,2000,999.8814,1995.4172
23527,2000,555.3643,1567.948
23528,2000,989.71594,2046.5776
23530,2000,819.70874,2124.6716
23531,2000,555.3643,1567.948
23532,2000,702.6843,2014.9053
23533,2000,702.6843,2014.9053
23534,2000,1091.1492,1789.7275
23536,2000,1019.35046,2337.0247
23537,2000,720.06604,1940.9312
23562,2000,754.27155,1700.5913
23563,2000,1381.6841,3432.551
23564,2000,754.27155,1700.5913
23565,2000,1601.9783,4197.4043
23566,2000,1436.537,3557.4175
23567,2000,1433.2758,3659.8306
23597,2000,380.0077,616.22754
23598,2000,540.26624,944.5052
23603,2000,572.3336,1190.3893
38201,2000,723.4829,2012.6193
38202,2000,680.2226,1843.6993
38203,2000,568.8756,1702.6525
38204,2000,562.7495,1540.3291
38205,2000,620.6743,1656.197
38206,2000,516.56433,1419.6016
38207,2000,812.1581,1809.3705
38208,2000,1628.414,2267.7983
38209,2000,512.039,725.52026
38210,2000,152.89076,216.09167
38211,2000,151.11829,211.69717
38212,2000,605.33075,970.4058
38213,2000,266.29523,385.62668
38214,2000,387.4359,593.7898
38242,2000,289.29025,601.8612
38312,2000,851.7498,1870.8293
38314,2000,434.02853,898.89594
38315,2000,104.64117,176.25081
38316,2000,440.52026,144.9768
38319,2000,1228.4767,974.34546
38352,2000,556.145,1326.4298
38364,2000,618.8429,1480.8667
38391,2000,271.62943,473.78967
38394,2000,509.3722,1029.7317
38402,2000,190.76302,326.60532
38418,2000,1278.8752,1427.3126
38422,2000,705.9656,1134.7565
38428,2000,645.1411,1126.7515
38432,2000,338.7178,411.4439
38434,2000,651.83826,821.75824
38437,2000,632.8546,1065.4564
23505,2001,716.4189,1898.8395
23506,2001,704.1616,2090.6218
23507,2001,861.893,1914.9684
23509,2001,560.67413,1635.1536
23510,2001,710.3729,1838.8695
23511,2001,810.29425,2135.0852
23512,2001,503.0228,1449.8965
23514,2001,503.0228,1449.8965
23522,2001,623.8831,1844.4146
23525,2001,897.3544,2001.2715
23527,2001,503.0228,1449.8965
23528,2001,768.0735,1929.9408
23530,2001,771.77344,1948.6484
23531,2001,503.0228,1449.8965
23532,2001,670.4958,1921.4814
23533,2001,670.4958,1921.4814
23534,2001,1025.3618,1758.204
23536,2001,941.4752,2081.3267
23537,2001,623.8831,1844.4146
23562,2001,485.59613,1405.7242
23563,2001,1102.0034,3011.8933
23564,2001,485.59613,1405.7242
23565,2001,1303.4578,3817.8584
23566,2001,1124.6377,3160.3354
23567,2001,1173.5297,3493.0735
23597,2001,290.66632,471.20453
23598,2001,412.29907,844.9106
23603,2001,429.07208,965.64716
38201,2001,648.29486,1905.5437
38202,2001,605.46704,1740.618
38203,2001,525.0688,1644.3806
38204,2001,501.1009,1400.8259
38205,2001,569.0669,1592.2433
38206,2001,475.26184,1369.9178
38207,2001,748.5688,1757.5258
38208,2001,1651.5206,2281.7163
38209,2001,430.17963,649.7036
38210,2001,141.43698,182.9907
38211,2001,138.00142,179.6764
38212,2001,533.9004,831.21826
38213,2001,227.8317,319.4937
38214,2001,373.87018,569.99524
38242,2001,220.20456,441.60977
38312,2001,588.6448,1113.7744
38314,2001,310.46902,560.2232
38315,2001,120.31162,189.99606
38316,2001,403.27106,113.64155
38319,2001,1297.055,1061.395
38352,2001,476.6042,1133.0765
38364,2001,533.8186,1259.9875
38391,2001,201.6347,361.37674
38394,2001,384.00214,842.6253
38402,2001,145.73123,256.53302
38418,2001,1081.8256,1276.0671
38422,2001,669.5078,1121.8184
38428,2001,656.3977,1222.3492
38432,2001,345.17245,425.96832
38434,2001,588.11487,816.158
38437,2001,580.92053,1029.1847
23505,2002,710.97516,1939.5764
23506,2002,788.04895,2184.016
23507,2002,804.2526,2006.9929
23509,2002,507.43707,1539.1239
23510,2002,658.98816,1920.117
23511,2002,1012.56616,2181.279
23512,2002,531.5565,1376.708
23514,2002,531.5565,1376.708
23522,2002,741.55835,1976.6223
23525,2002,1089.6764,2041.811
23527,2002,531.5565,1376.708
23528,2002,1003.6995,2038.9835
23530,2002,695.80945,1989.1652
23531,2002,531.5565,1376.708
23532,2002,765.54474,1995.5845
23533,2002,765.54474,1995.5845
23534,2002,1082.1077,1786.4502
23536,2002,857.4016,2167.3232
23537,2002,741.55835,1976.6223
23562,2002,365.83066,1210.5262
23563,2002,738.67786,2545.07
23564,2002,365.83066,1210.5262
23565,2002,786.2903,2991.14
23566,2002,851.6435,2850.9858
23567,2002,932.51587,3369.881
23597,2002,263.09863,494.2391
23598,2002,416.57196,885.89105
23603,2002,450.1522,1003.27954
38201,2002,691.2525,1791.0413
38202,2002,635.3474,1624.8501
38203,2002,527.118,1520.272
38204,2002,544.5126,1345.2976
38205,2002,588.4913,1481.6266
38206,2002,515.3578,1306.5449
38207,2002,959.1149,1810.8585
38208,2002,1510.2415,2108.871
38209,2002,373.9727,583.96136
38210,2002,126.96627,181.38193
38211,2002,120.51358,168.31223
38212,2002,554.4619,880.92175
38213,2002,149.62302,248.0288
38214,2002,309.2737,501.80923
38242,2002,179.31801,404.97238
38312,2002,501.6161,994.6538
38314,2002,273.1931,554.61945
38315,2002,111.9133,200.2176
38316,2002,299.87726,95.57001
38319,2002,976.09076,871.5859
38352,2002,495.47397,1113.3751
38364,2002,565.03973,1226.1251
38391,2002,170.04437,376.14307
38394,2002,413.6365,930.561
38402,2002,119.31407,261.5845
38418,2002,1068.6598,1425.7996
38422,2002,584.20276,1083.2094
38428,2002,717.149,1451.9077
38432,2002,327.8175,435.14853
38434,2002,817.6122,1164.7925
38437,2002,666.4914,1324.2329
23505,2003,673.91815,1876.2404
23506,2003,628.42126,1946.2839
23507,2003,715.90015,1846.1863
23509,2003,528.37683,1648.9816
23510,2003,608.8745,1818.3628
23511,2003,737.6738,1891.8414
23512,2003,492.46143,1450.3396
23514,2003,492.46143,1450.3396
23522,2003,562.1856,1719.8806
23525,2003,764.61365,1785.4148
23527,2003,492.46143,1450.3396
23528,2003,743.1892,1784.4497
23530,2003,669.22107,1953.8514
23531,2003,492.46143,1450.3396
23532,2003,592.75323,1779.9736
23533,2003,592.75323,1779.9736
23534,2003,844.59894,1560.2526
23536,2003,774.35156,1996.5603
23537,2003,562.1856,1719.8806
23562,2003,440.63953,1567.0062
23563,2003,751.2024,2732.6877
23564,2003,440.63953,1567.0062
23565,2003,812.5516,3045.7195
23566,2003,821.86273,2941.1663
23567,2003,837.3463,3120.01
23597,2003,232.37187,434.27454
23598,2003,338.30377,826.4491
23603,2003,358.45264,941.54987
38201,2003,568.5234,1657.1887
38202,2003,546.8109,1559.2991
38203,2003,506.54767,1577.2571
38204,2003,499.37915,1409.0449
38205,2003,511.72217,1445.562
38206,2003,489.87708,1400.7722
38207,2003,678.63245,1633.3148
38208,2003,1133.481,1716.3572
38209,2003,406.3786,633.3654
38210,2003,121.16901,175.4036
38211,2003,120.13119,174.98828
38212,2003,463.1903,855.6613
38213,2003,239.79526,347.25177
38214,2003,337.2068,554.42755
38242,2003,186.5704,413.14645
38312,2003,554.8781,1212.9133
38314,2003,334.3331,700.1508
38315,2003,103.66349,184.40897
38316,2003,305.34433,119.18413
38319,2003,1094.9285,1005.1605
38352,2003,452.84967,1167.853
38364,2003,502.94,1302.7345
38391,2003,162.97295,361.71155
38394,2003,328.13586,843.978
38402,2003,105.78435,232.53392
38418,2003,887.9547,1253.7664
38422,2003,489.05414,929.296
38428,2003,521.98346,1218.1716
38432,2003,367.1564,499.3876
38434,2003,541.15576,820.6616
38437,2003,504.13525,1124.4403
23505,2004,628.2712,1874.1309
23506,2004,584.84503,1968.273
23507,2004,794.3179,1939.2418
23509,2004,515.4457,1616.261
23510,2004,596.29565,1798.2422
23511,2004,674.1151,1946.3408
23512,2004,459.17493,1461.3998
23514,2004,459.17493,1461.3998
23522,2004,520.65204,1740.8152
23525,2004,689.28973,1774.05
23527,2004,459.17493,1461.3998
23528,2004,653.1482,1791.3542
23530,2004,654.9697,1935.847
23531,2004,459.17493,1461.3998
23532,2004,556.2251,1757.2971
23533,2004,556.2251,1757.2971
23534,2004,821.261,1587.4064
23536,2004,883.6446,2140.73
23537,2004,520.65204,1740.8152
23562,2004,316.76428,1192.9978
23563,2004,564.11884,2378.0496
23564,2004,316.76428,1192.9978
23565,2004,679.2032,2962.1382
23566,2004,627.0386,2592.9502
23567,2004,673.64496,2955.7415
23597,2004,197.00171,423.1137
23598,2004,310.6851,727.4048
23603,2004,362.55264,925.80444
38201,2004,571.5781,1811.6222
38202,2004,530.0221,1639.9221
38203,2004,475.45657,1626.0293
38204,2004,456.50485,1413.1855
38205,2004,492.1009,1491.9752
38206,2004,434.7779,1342.2745
38207,2004,642.5014,1562.8468
38208,2004,1365.2932,2083.6365
38209,2004,383.2401,651.5583
38210,2004,116.339386,187.80568
38211,2004,118.160286,185.401
38212,2004,404.8194,816.65826
38213,2004,202.40851,338.0182
38214,2004,296.7967,540.39624
38242,2004,207.56374,433.13773
38312,2004,493.96686,976.2014
38314,2004,272.90103,553.6948
38315,2004,100.1831,165.55176
38316,2004,408.57477,129.06192
38319,2004,946.4531,940.1576
38352,2004,421.20126,1039.2247
38364,2004,471.5778,1170.1119
38391,2004,145.5843,354.15378
38394,2004,314.99728,784.1695
38402,2004,99.74423,232.74153
38418,2004,842.0172,1253.4413
38422,2004,440.63757,858.30206
38428,2004,457.8928,1058.5317
38432,2004,339.67758,419.89642
38434,2004,480.68085,804.8385
38437,2004,426.25345,937.9952
23505,2005,734.00916,2076.307
23506,2005,641.0995,1986.7743
23507,2005,731.1578,1890.517
23509,2005,461.29993,1493.1036
23510,2005,581.63525,1754.9519
23511,2005,750.7053,2037.7085
23512,2005,484.96637,1433.3492
23514,2005,484.96637,1433.3492
23522,2005,579.04254,1736.2773
23525,2005,798.846,1930.7439
23527,2005,484.96637,1433.3492
23528,2005,735.85114,1865.9467
23530,2005,643.1197,1842.9873
23531,2005,484.96637,1433.3492
23532,2005,661.84753,1860.1821
23533,2005,661.84753,1860.1821
23534,2005,807.8739,1612.2523
23536,2005,791.1188,2060.6453
23537,2005,579.04254,1736.2773
23562,2005,297.50998,1323.3105
23563,2005,482.57468,2446.276
23564,2005,297.50998,1323.3105
23565,2005,582.26825,2998.1934
23566,2005,531.8466,2643.1697
23567,2005,548.6664,2811.6914
23597,2005,190.99579,438.07138
23598,2005,277.66528,703.00354
23603,2005,292.75424,891.8209
38201,2005,647.4341,1862.8324
38202,2005,611.459,1719.6426
38203,2005,503.95792,1590.1183
38204,2005,495.57272,1399.1774
38205,2005,577.04895,1573.3451
38206,2005,484.81122,1370.2085
38207,2005,774.2889,1712.4048
38208,2005,1473.5315,2113.0327
38209,2005,348.69672,649.0325
38210,2005,130.45178,220.43185
38211,2005,129.2506,216.65071
38212,2005,372.95267,790.1256
38213,2005,213.6728,379.43777
38214,2005,278.7578,554.84094
38242,2005,183.72057,475.11172
38312,2005,441.71973,1077.6732
38314,2005,260.1554,632.54956
38315,2005,111.42455,195.09552
38316,2005,482.18924,137.52669
38319,2005,797.7749,848.0055
38352,2005,412.76706,1233.4135
38364,2005,445.10687,1372.0066
38391,2005,144.16193,371.19495
38394,2005,272.8706,788.06396
38402,2005,104.87888,264.394
38418,2005,706.44684,1190.5144
38422,2005,450.573,909.90137
38428,2005,476.2929,1137.8718
38432,2005,290.96957,379.0235
38434,2005,372.53473,649.2691
38437,2005,426.09482,949.22
23505,2006,557.3782,1807.0227
23506,2006,561.99744,1958.8187
23507,2006,668.0546,1869.4937
23509,2006,442.24646,1616.6333
23510,2006,519.85876,1761.1683
23511,2006,690.35913,1940.5453
23512,2006,432.4563,1413.56
23514,2006,432.4563,1413.56
23522,2006,494.29364,1714.7053
23525,2006,751.8152,1802.8527
23527,2006,432.4563,1413.56
23528,2006,680.6553,1774.8776
23530,2006,613.0177,1957.041
23531,2006,432.4563,1413.56
23532,2006,544.82776,1787.7941
23533,2006,544.82776,1787.7941
23534,2006,897.5868,1670.4874
23536,2006,731.2661,2035.5718
23537,2006,494.29364,1714.7053
23562,2006,245.26918,1041.3226
23563,2006,478.1634,2087.5435
23564,2006,245.26918,1041.3226
23565,2006,548.1629,2554.0127
23566,2006,523.17645,2297.906
23567,2006,566.88306,2590.4153
23597,2006,237.0719,515.44824
23598,2006,350.18484,911.8697
23603,2006,331.79886,1049.4962
38201,2006,537.5978,1798.461
38202,2006,500.5628,1642.6869
38203,2006,440.61896,1536.1077
38204,2006,439.85333,1389.1265
38205,2006,473.30432,1497.427
38206,2006,414.96805,1312.8536
38207,2006,680.8933,1601.3889
38208,2006,1227.4626,1942.016
38209,2006,296.84058,584.4699
38210,2006,107.39187,178.02397
38211,2006,110.28459,180.89717
38212,2006,397.9995,888.7493
38213,2006,174.3009,325.9063
38214,2006,277.36792,555.7377
38242,2006,192.77594,502.83466
38312,2006,432.95218,1105.5013
38314,2006,253.54633,633.377
38315,2006,92.2164,198.37003
38316,2006,427.39554,130.24945
38319,2006,744.9913,800.17236
38352,2006,413.70444,1176.5599
38364,2006,443.73413,1336.7147
38391,2006,154.6503,393.28088
38394,2006,321.44232,940.9609
38402,2006,114.71179,271.76413
38418,2006,801.40735,1399.2617
38422,2006,477.3008,1047.7251
38428,2006,458.7567,1118.0419
38432,2006,293.32886,454.63974
38434,2006,497.3251,910.02106
38437,2006,469.40845,1077.0065
23505,2007,610.7197,1960.0149
23506,2007,632.9614,1954.7302
23507,2007,692.5847,1875.6929
23509,2007,447.7887,1577.3789
23510,2007,560.1723,1702.4976
23511,2007,701.884,1886.5201
23512,2007,444.1729,1449.2421
23514,2007,444.1729,1449.2421
23522,2007,565.9885,1696.6582
23525,2007,751.4737,1773.7009
23527,2007,444.1729,1449.2421
23528,2007,676.1638,1691.0864
23530,2007,619.44,1820.2861
23531,2007,444.1729,1449.2421
23532,2007,563.4065,1748.133
23533,2007,563.4065,1748.133
23534,2007,838.4408,1513.9962
23536,2007,770.8279,2052.04
23537,2007,565.9885,1696.6582
23562,2007,252.31438,1008.9182
23563,2007,486.44257,2092.321
23564,2007,252.31438,1008.9182
23565,2007,617.608,2536.2551
23566,2007,526.5418,2270.8188
23567,2007,542.9752,2481.125
23597,2007,142.60355,372.0903
23598,2007,242.84961,760.59924
23603,2007,268.5976,935.4972
38201,2007,594.61395,1882.2009
38202,2007,531.912,1685.3193
38203,2007,444.61835,1547.8667
38204,2007,449.1337,1411.3324
38205,2007,481.7172,1504.5131
38206,2007,420.46594,1327.3934
38207,2007,650.5718,1534.8242
38208,2007,1360.3701,2045.5381
38209,2007,345.6321,663.5162
38210,2007,106.64084,174.86957
38211,2007,103.4205,171.48363
38212,2007,352.88782,812.17944
38213,2007,202.59572,352.84024
38214,2007,243.47008,500.5705
38242,2007,101.08237,329.5573
38312,2007,276.22946,722.46954
38314,2007,160.11859,431.36078
38315,2007,79.06367,155.92422
38316,2007,425.12836,109.47993
38319,2007,810.9751,948.3836
38352,2007,330.70892,974.7832
38364,2007,350.2608,1093.401
38391,2007,96.68366,293.18195
38394,2007,244.58832,812.7498
38402,2007,65.63273,194.82516
38418,2007,578.95105,1060.8567
38422,2007,374.97177,884.8288
38428,2007,389.71448,950.03345
38432,2007,258.68436,349.34018
38434,2007,295.2674,569.1787
38437,2007,326.4551,800.895
23505,2008,448.8629,1583.9124
23506,2008,503.943,1772.2887
23507,2008,535.12244,1614.6396
23509,2008,301.03342,1307.8658
23510,2008,436.5225,1544.3818
23511,2008,544.44653,1727.7046
23512,2008,326.38144,1257.3717
23514,2008,326.38144,1257.3717
23522,2008,459.20587,1583.5468
23525,2008,612.77826,1661.4458
23527,2008,326.38144,1257.3717
23528,2008,534.87225,1575.686
23530,2008,503.13416,1651.9484
23531,2008,326.38144,1257.3717
23532,2008,473.46063,1693.4165
23533,2008,473.46063,1693.4165
23534,2008,714.2002,1498.0576
23536,2008,593.20703,1748.6135
23537,2008,459.20587,1583.5468
23562,2008,217.44025,983.50543
23563,2008,505.51022,2359.8354
23564,2008,217.44025,983.50543
23565,2008,542.60144,2748.1614
23566,2008,549.5089,2549.903
23567,2008,587.21216,2904.7688
23597,2008,179.82048,438.537
23598,2008,227.18695,688.84406
23603,2008,258.72574,933.18176
38201,2008,415.08072,1623.5125
38202,2008,381.61078,1483.0638
38203,2008,353.70895,1458.845
38204,2008,323.94922,1226.1974
38205,2008,354.72034,1356.6235
38206,2008,321.8175,1215.7463
38207,2008,502.4331,1453.2723
38208,2008,992.862,1791.6117
38209,2008,374.00482,685.86237
38210,2008,111.04241,166.32225
38211,2008,110.07134,162.47552
38212,2008,364.0506,847.7408
38213,2008,201.46222,334.84094
38214,2008,279.07364,559.84814
38242,2008,134.19612,411.90106
38312,2008,392.73547,1003.83026
38314,2008,192.64932,539.5764
38315,2008,68.32091,158.71509
38316,2008,377.80927,93.60679
38319,2008,739.152,962.7509
38352,2008,309.74133,985.6006
38364,2008,328.65723,1098.3627
38391,2008,117.11716,332.62958
38394,2008,247.41656,824.3296
38402,2008,82.3044,222.83244
38418,2008,576.2641,1269.1586
38422,2008,391.60083,1034.615
38428,2008,358.50507,987.9042
38432,2008,230.24422,336.34033
38434,2008,322.5531,694.49115
38437,2008,351.34744,994.20526
23505,2009,429.7886,1665.3606
23506,2009,440.15906,1729.9014
23507,2009,519.5662,1733.6907
23509,2009,309.42612,1390.5286
23510,2009,408.93536,1622.9303
23511,2009,535.7882,1726.9697
23512,2009,334.6522,1260.0878
23514,2009,334.6522,1260.0878
23522,2009,394.742,1528.2605
23525,2009,584.0391,1630.0863
23527,2009,334.6522,1260.0878
23528,2009,510.86,1566.3951
23530,2009,460.19336,1746.73
23531,2009,334.6522,1260.0878
23532,2009,429.8746,1616.0942
23533,2009,429.8746,1616.0942
23534,2009,705.6954,1500.058
23536,2009,572.3505,1883.7947
23537,2009,394.742,1528.2605
23562,2009,215.70206,1069.5376
23563,2009,343.8516,1905.3717
23564,2009,215.70206,1069.5376
23565,2009,396.82828,2256.1577
23566,2009,372.7562,2035.7117
23567,2009,397.59348,2256.3928
23597,2009,185.50023,444.244
23598,2009,219.22034,687.38635
23603,2009,243.99197,868.4846
38201,2009,416.4917,1581.7098
38202,2009,394.16644,1447.6498
38203,2009,353.68454,1452.4099
38204,2009,343.6048,1233.3738
38205,2009,376.5286,1335.0168
38206,2009,333.89294,1181.2684
38207,2009,547.0155,1444.1
38208,2009,907.5779,1710.2164
38209,2009,220.99002,505.7089
38210,2009,78.55323,152.19716
38211,2009,78.78993,148.70981
38212,2009,250.79349,659.8522
38213,2009,116.41591,242.75726
38214,2009,177.71786,429.75208
38242,2009,156.94168,496.29718
38312,2009,441.95444,1274.1097
38314,2009,254.79887,705.255
38315,2009,59.840538,158.07198
38316,2009,401.91507,98.06152
38319,2009,692.6493,859.98737
38352,2009,284.88098,944.11896
38364,2009,292.70343,1047.3572
38391,2009,126.4104,346.0471
38394,2009,224.41869,757.8008
38402,2009,81.75256,227.4263
38418,2009,457.51666,1063.6013
38422,2009,315.0346,822.257
38428,2009,353.72845,1055.4298
38432,2009,207.02861,316.8828
38434,2009,311.8155,682.5104
38437,2009,305.1011,893.7422
23505,2010,425.28775,1741.121
23506,2010,451.28958,1839.0791
23507,2010,450.5251,1624.9344
23509,2010,263.95132,1365.7552
23510,2010,404.5282,1649.3649
23511,2010,569.1406,1720.2244
23512,2010,297.63495,1267.8704
23514,2010,297.63495,1267.8704
23522,2010,421.60498,1653.2415
23525,2010,600.60443,1505.434
23527,2010,297.63495,1267.8704
23528,2010,555.6402,1588.4698
23530,2010,411.9444,1727.922
23531,2010,297.63495,1267.8704
23532,2010,440.87823,1714.8274
23533,2010,440.87823,1714.8274
23534,2010,713.0746,1442.0629
23536,2010,498.4547,1806.3362
23537,2010,421.60498,1653.2415
23562,2010,150.60066,879.9523
23563,2010,336.16257,1955.1982
23564,2010,150.60066,879.9523
23565,2010,405.31168,2359.4883
23566,2010,363.39938,2093.1501
23567,2010,395.71152,2427.6885
23597,2010,175.32224,434.28833
23598,2010,252.43347,743.8345
23603,2010,253.01044,878.3397
38201,2010,363.93423,1547.1638
38202,2010,347.43848,1437.3124
38203,2010,320.46838,1486.2725
38204,2010,304.32208,1235.8948
38205,2010,337.17554,1340.6732
38206,2010,303.0568,1229.1963
38207,2010,571.9815,1498.014
38208,2010,929.5886,1643.7501
38209,2010,314.54898,598.4444
38210,2010,96.280136,186.20581
38211,2010,91.43439,173.2646
38212,2010,289.74915,720.11664
38213,2010,162.21077,341.521
38214,2010,207.63754,478.4384
38242,2010,152.36584,463.43506
38312,2010,303.60132,949.9557
38314,2010,185.52972,572.8925
38315,2010,59.671307,151.49666
38316,2010,354.62036,96.993416
38319,2010,604.1969,721.90674
38352,2010,251.58386,906.4503
38364,2010,253.6732,960.4677
38391,2010,128.06116,373.58484
38394,2010,236.4162,753.1019
38402,2010,86.91397,235.73787
38418,2010,359.09448,825.65753
38422,2010,252.87708,667.33484
38428,2010,310.61456,976.23303
38432,2010,169.48175,284.21295
38434,2010,271.47873,622.912
38437,2010,262.44724,751.96924
23505,2011,324.54694,1490.0051
23506,2011,374.8423,1681.3049
23507,2011,437.2312,1491.3215
23509,2011,227.92665,1254.5042
23510,2011,300.62897,1382.9598
23511,2011,428.0951,1536.1398
23512,2011,246.3093,1191.4932
23514,2011,246.3093,1191.4932
23522,2011,327.82544,1498.3671
23525,2011,490.67108,1335.781
23527,2011,246.3093,1191.4932
23528,2011,430.06842,1434.0211
23530,2011,328.89972,1476.0173
23531,2011,246.3093,1191.4932
23532,2011,366.2561,1563.2994
23533,2011,366.2561,1563.2994
23534,2011,611.21094,1297.9054
23536,2011,492.17682,1640.1879
23537,2011,327.82544,1498.3671
23562,2011,160.92,870.1287
23563,2011,316.54605,1964.1166
23564,2011,160.92,870.1287
23565,2011,390.50906,2358.982
23566,2011,349.7832,2151.632
23567,2011,382.92972,2454.7764
23597,2011,158.92896,445.81546
23598,2011,208.45728,668.4609
23603,2011,252.60962,946.51636
38201,2011,315.9764,1522.3816
38202,2011,297.64935,1412.5294
38203,2011,264.25464,1354.7083
38204,2011,258.9887,1168.8534
38205,2011,279.0954,1277.5334
38206,2011,253.5613,1143.1716
38207,2011,395.51917,1350.0433
38208,2011,831.4618,1544.123
38209,2011,288.3582,599.7077
38210,2011,104.82394,210.0232
38211,2011,105.86139,210.98212
38212,2011,290.12173,805.86096
38213,2011,146.42783,312.65256
38214,2011,268.14365,471.34872
38242,2011,115.33138,452.0165
38312,2011,358.48633,1131.9304
38314,2011,182.71611,606.02136
38315,2011,72.78385,182.03264
38316,2011,367.09177,117.92044
38319,2011,624.23785,860.45636
38352,2011,309.97736,1113.7079
38364,2011,342.3697,1253.0038
38391,2011,115.31639,364.5486
38394,2011,226.79114,822.3351
38402,2011,81.09936,251.82092
38418,2011,475.41562,1165.9279
38422,2011,274.24988,761.9355
38428,2011,303.9123,968.24713
38432,2011,419.7841,358.28168
38434,2011,349.1639,761.0489
38437,2011,347.78183,1076.8163
23505,2012,350.42566,1538.2335
23506,2012,343.27905,1685.9973
23507,2012,420.98444,1606.3699
23509,2012,270.9819,1380.6213
23510,2012,321.2017,1501.7234
23511,2012,469.0243,1671.1035
23512,2012,262.51215,1234.4836
23514,2012,262.51215,1234.4836
23522,2012,303.72675,1513.0405
23525,2012,501.641,1429.6516
23527,2012,262.51215,1234.4836
23528,2012,453.53882,1535.4188
23530,2012,378.6266,1609.1986
23531,2012,262.51215,1234.4836
23532,2012,332.3429,1576.6093
23533,2012,332.3429,1576.6093
23534,2012,610.56195,1323.4282
23536,2012,465.201,1729.7705
23537,2012,303.72675,1513.0405
23562,2012,182.9836,1073.7087
23563,2012,349.4354,2192.2227
23564,2012,182.9836,1073.7087
23565,2012,404.46036,2591.1023
23566,2012,385.22192,2442.6284
23567,2012,398.09827,2630.9783
23597,2012,156.72513,423.52182
23598,2012,213.41734,776.24
23603,2012,225.80408,964.18225
38201,2012,327.10132,1522.6816
38202,2012,308.04684,1412.2516
38203,2012,272.5985,1410.1705
38204,2012,272.68237,1224.9215
38205,2012,291.59186,1301.3381
38206,2012,264.27118,1172.771
38207,2012,396.42404,1415.2002
38208,2012,931.21094,1742.6848
38209,2012,247.0722,611.6658
38210,2012,87.79698,165.7463
38211,2012,84.829735,162.9921
38212,2012,289.52582,834.1779
38213,2012,131.6545,316.6981
38214,2012,204.12619,526.5824
38242,2012,104.51605,396.935
38312,2012,300.50708,952.6533
38314,2012,149.14537,503.06992
38315,2012,63.54608,164.49585
38316,2012,280.1352,95.7831
38319,2012,572.75006,800.70374
38352,2012,244.30215,959.56494
38364,2012,273.76297,1110.6212
38391,2012,90.43195,304.9795
38394,2012,209.15886,811.9208
38402,2012,61.505634,212.28221
38418,2012,446.39355,982.8054
38422,2012,293.4051,846.2359
38428,2012,290.11768,936.94305
38432,2012,164.69028,271.5919
38434,2012,241.66731,559.5571
38437,2012,259.52173,753.7103
23505,2013,346.10794,1600.4229
23506,2013,372.15662,1718.7681
23507,2013,391.6646,1555.2288
23509,2013,211.11069,1313.3438
23510,2013,318.96985,1509.4932
23511,2013,456.71973,1583.6719
23512,2013,264.92035,1245.6982
23514,2013,264.92035,1245.6982
23522,2013,336.67972,1531.7867
23525,2013,491.90732,1393.3868
23527,2013,264.92035,1245.6982
23528,2013,454.19415,1469.7048
23530,2013,335.87366,1597.9133
23531,2013,264.92035,1245.6982
23532,2013,370.00323,1614.0684
23533,2013,370.00323,1614.0684
23534,2013,588.01587,1277.2921
23536,2013,440.68607,1719.04
23537,2013,336.67972,1531.7867
23562,2013,142.30225,897.5138
23563,2013,300.82864,1931.6917
23564,2013,142.30225,897.5138
23565,2013,333.6992,2295.121
23566,2013,321.876,2008.8466
23567,2013,351.1535,2316.9756
23597,2013,96.200195,313.0717
23598,2013,173.30043,674.90594
23603,2013,186.47786,800.70624
38201,2013,334.69324,1582.0729
38202,2013,322.20975,1481.3203
38203,2013,284.51324,1450.1948
38204,2013,281.18317,1235.6775
38205,2013,313.9547,1370.9749
38206,2013,278.19183,1193.7655
38207,2013,441.70392,1383.0142
38208,2013,830.94244,1625.7606
38209,2013,221.54593,565.84155
38210,2013,57.973183,131.9325
38211,2013,57.151054,127.36744
38212,2013,247.72699,740.11584
38213,2013,108.88009,252.68791
38214,2013,177.03835,456.23624
38242,2013,81.51557,357.70206
38312,2013,247.5468,856.88043
38314,2013,123.76798,471.50616
38315,2013,50.00315,137.82178
38316,2013,260.8823,89.9223
38319,2013,518.96313,691.01495
38352,2013,202.67079,830.6575
38364,2013,218.57051,926.92645
38391,2013,60.318787,244.2465
38394,2013,174.12936,694.3209
38402,2013,38.32331,153.68958
38418,2013,400.00867,1006.7579
38422,2013,263.68176,761.1348
38428,2013,332.48224,1141.2883
38432,2013,182.84958,290.22626
38434,2013,272.5232,588.5616
38437,2013,264.64978,834.2482
23505,2014,300.25412,1496.0671
23506,2014,378.08725,1639.8599
23507,2014,374.68097,1539.8766
23509,2014,216.20164,1333.2067
23510,2014,287.31946,1510.8767
23511,2014,476.7414,1524.1302
23512,2014,259.93423,1179.6265
23514,2014,259.93423,1179.6265
23522,2014,338.53854,1483.2795
23525,2014,503.6347,1339.265
23527,2014,259.93423,1179.6265
23528,2014,458.1021,1363.0969
23530,2014,319.7317,1598.2008
23531,2014,259.93423,1179.6265
23532,2014,370.90924,1555.9829
23533,2014,370.90924,1555.9829
23534,2014,604.76416,1309.8577
23536,2014,435.79498,1712.982
23537,2014,338.53854,1483.2795
23562,2014,127.33264,781.4068
23563,2014,235.79764,1681.0822
23564,2014,127.33264,781.4068
23565,2014,246.91125,1848.0378
23566,2014,270.95435,1872.4259
23567,2014,300.3709,2122.9949
23597,2014,185.53671,415.49118
23598,2014,241.13014,714.06335
23603,2014,267.85864,908.6709
38201,2014,321.9637,1416.7167
38202,2014,310.21417,1288.0334
38203,2014,271.76422,1419.5259
38204,2014,272.01993,1127.6508
38205,2014,299.7983,1194.9364
38206,2014,262.66064,1102.7631
38207,2014,460.74545,1354.8369
38208,2014,763.6753,1507.157
38209,2014,230.0227,529.80646
38210,2014,119.39409,161.3229
38211,2014,125.707184,158.99944
38212,2014,269.39355,668.9847
38213,2014,155.30525,309.64044
38214,2014,188.82619,444.7486
38242,2014,231.72392,564.97174
38312,2014,412.09695,1262.139
38314,2014,302.04797,792.7068
38315,2014,172.20224,134.444
38316,2014,279.12857,90.75532
38319,2014,487.4591,669.8544
38352,2014,280.44525,946.88153
38364,2014,301.2875,1059.4089
38391,2014,138.66927,341.78583
38394,2014,255.20706,793.2229
38402,2014,131.03493,261.17032
38418,2014,419.8781,1177.474
38422,2014,271.24753,939.28186
38428,2014,290.53055,1097.9951
38432,2014,217.08067,377.8034
38434,2014,287.31342,727.9659
38437,2014,267.8863,889.1543
23505,2015,242.2891,1394.3341
23506,2015,293.84723,1582.0403
23507,2015,355.42535,1412.36
23509,2015,178.591,1238.8838
23510,2015,239.32837,1325.5132
23511,2015,368.72614,1515.1161
23512,2015,218.09161,1129.1326
23514,2015,218.09161,1129.1326
23522,2015,261.29767,1419.186
23525,2015,369.31567,1238.8185
23527,2015,218.09161,1129.1326
23528,2015,361.2983,1370.2499
23530,2015,275.51447,1456.3008
23531,2015,218.09161,1129.1326
23532,2015,294.5346,1524.5029
23533,2015,294.5346,1524.5029
23534,2015,455.8385,1222.4995
23536,2015,387.8493,1547.5486
23537,2015,261.29767,1419.186
23562,2015,126.3892,838.3385
23563,2015,266.97354,1924.0505
23564,2015,126.3892,838.3385
23565,2015,293.9028,2262.501
23566,2015,284.60385,2126.815
23567,2015,297.79395,2314.095
23597,2015,94.09047,348.15515
23598,2015,153.99692,689.03
23603,2015,169.40799,855.24084
38201,2015,272.38953,1440.6565
38202,2015,260.94614,1332.3508
38203,2015,229.41391,1362.8323
38204,2015,230.81197,1128.6462
38205,2015,250.72015,1236.2335
38206,2015,226.58418,1106.5537
38207,2015,341.1291,1355.9246
38208,2015,732.5126,1618.0367
38209,2015,193.20169,539.7335
38210,2015,79.180115,142.0475
38211,2015,79.80043,141.15697
38212,2015,188.14195,708.0977
38213,2015,121.95379,318.349
38214,2015,163.85973,446.7457
38242,2015,102.58597,372.45996
38312,2015,246.90443,871.1503
38314,2015,138.53864,503.82797
38315,2015,129.7177,140.88512
38316,2015,279.52893,91.511154
38319,2015,538.7747,788.242
38352,2015,193.46667,979.2438
38364,2015,212.08057,1105.9948
38391,2015,66.44926,273.78186
38394,2015,149.66974,705.8923
38402,2015,51.16329,203.8311
38418,2015,297.0743,925.7017
38422,2015,237.07669,715.93396
38428,2015,232.22986,820.858
38432,2015,207.61526,252.21712
38434,2015,172.93857,552.10394
38437,2015,236.58961,759.9374
23505,2016,222.19246,1440.6873
23506,2016,274.77533,1562.1234
23507,2016,317.5288,1441.3427
23509,2016,164.37366,1276.6354
23510,2016,220.05923,1392.5444
23511,2016,350.7329,1495.3939
23512,2016,204.14125,1145.483
23514,2016,204.14125,1145.483
23522,2016,245.78082,1408.8247
23525,2016,384.74463,1244.5139
23527,2016,204.14125,1145.483
23528,2016,345.91083,1367.9972
23530,2016,229.11292,1416.8909
23531,2016,204.14125,1145.483
23532,2016,283.43213,1516.6207
23533,2016,283.43213,1516.6207
23534,2016,489.591,1265.8466
23536,2016,347.23746,1568.2877
23537,2016,245.78082,1408.8247
23562,2016,113.2982,936.3586
23563,2016,253.25847,1906.797
23564,2016,113.2982,936.3586
23565,2016,267.88214,2211.37
23566,2016,274.1031,2113.2642
23567,2016,307.55356,2430.2373
23597,2016,100.32368,378.2187
23598,2016,131.18811,617.9943
23603,2016,144.38245,784.29364
38201,2016,246.67612,1381.4901
38202,2016,241.22504,1280.2004
38203,2016,212.79253,1364.7664
38204,2016,213.93468,1108.6201
38205,2016,234.41516,1188.4534
38206,2016,208.41391,1065.9293
38207,2016,336.3462,1282.073
38208,2016,647.3413,1577.25
38209,2016,169.93475,473.77237
38210,2016,57.07849,148.96033
38211,2016,55.961445,145.0605
38212,2016,131.77563,543.3109
38213,2016,98.66557,259.1506
38214,2016,133.79956,414.95264
38242,2016,59.455208,331.79785
38312,2016,158.40274,801.62634
38314,2016,89.30298,465.12595
38315,2016,45.4927,150.22969
38316,2016,291.96936,92.0262
38319,2016,417.31622,706.83765
38352,2016,153.19412,880.73065
38364,2016,163.17613,980.08484
38391,2016,68.66556,322.57733
38394,2016,135.39462,665.6468
38402,2016,44.971836,205.90578
38418,2016,236.59724,942.8049
38422,2016,203.64363,840.8254
38428,2016,231.29318,1023.14197
38432,2016,153.93068,284.78802
38434,2016,129.59361,545.4699
38437,2016,191.36137,767.3063
23505,2017,224.29283,1425.7153
23506,2017,285.0692,1746.8301
23507,2017,374.91534,1599.0988
23509,2017,156.6862,1199.3882
23510,2017,231.8346,1356.0148
23511,2017,341.39722,1681.7048
23512,2017,206.38596,1294.2638
23514,2017,206.38596,1294.2638
23522,2017,255.57092,1566.0533
23525,2017,391.38074,1588.7643
23527,2017,206.38596,1294.2638
23528,2017,327.65686,1506.8042
23530,2017,244.88196,1451.506
23531,2017,206.38596,1294.2638
23532,2017,280.8983,1658.7338
23533,2017,280.8983,1658.7338
23534,2017,439.089,1335.8533
23536,2017,407.41803,1749.8297
23537,2017,255.57092,1566.0533
23562,2017,110.445244,849.15204
23563,2017,222.32928,1767.9932
23564,2017,110.445244,849.15204
23565,2017,234.82791,2061.8994
23566,2017,245.64433,1869.6982
23567,2017,274.34824,2086.9587
23597,2017,79.231636,332.84628
23598,2017,102.921074,592.1218
23603,2017,115.73915,744.36865
38201,2017,257.44006,1641.2432
38202,2017,243.38286,1476.8518
38203,2017,215.02878,1494.6853
38204,2017,208.90155,1226.5535
38205,2017,225.75491,1334.0696
38206,2017,202.9359,1196.1809
38207,2017,305.88602,1393.3126
38208,2017,693.37305,1699.6176
38209,2017,164.76112,487.43805
38210,2017,52.293728,118.592415
38211,2017,54.00625,116.30828
38212,2017,142.80455,594.9767
38213,2017,94.92033,258.75235
38214,2017,133.10513,424.4357
38242,2017,63.151085,352.91525
38312,2017,235.35306,940.29944
38314,2017,122.012886,512.18427
38315,2017,48.7349,130.90665
38316,2017,281.736,78.91209
38319,2017,443.80347,813.8259
38352,2017,135.1719,808.30383
38364,2017,151.33253,928.0475
38391,2017,51.875885,260.90387
38394,2017,116.83325,636.3617
38402,2017,40.093826,190.10037
38418,2017,258.3131,943.3558
38422,2017,204.08301,734.5097
38428,2017,212.08817,870.2391
38432,2017,167.60971,252.59392
38434,2017,117.48114,515.7146
38437,2017,206.52156,808.2923
23505,2018,227.61194,1442.7928
23506,2018,305.99942,1463.7887
23507,2018,298.97168,1358.7877
23509,2018,161.904,1381.3658
23510,2018,227.90918,1348.9998
23511,2018,353.34424,1394.9796
23512,2018,207.01984,1057.2573
23514,2018,207.01984,1057.2573
23522,2018,277.47174,1325.1565
23525,2018,360.21182,1256.7446
23527,2018,207.01984,1057.2573
23528,2018,350.68347,1321.5378
23530,2018,243.78804,1394.5155
23531,2018,207.01984,1057.2573
23532,2018,283.361,1323.7721
23533,2018,283.361,1323.7721
23534,2018,404.72852,1110.4639
23536,2018,324.31232,1482.3008
23537,2018,277.47174,1325.1565
23562,2018,108.200386,729.2317
23563,2018,260.5659,1691.5326
23564,2018,108.200386,729.2317
23565,2018,237.32681,1674.4769
23566,2018,283.36057,1800.464
23567,2018,310.46988,2147.8694
23597,2018,106.118,367.63257
23598,2018,133.57588,664.00165
23603,2018,153.40247,813.9837
38201,2018,264.69873,1285.2686
38202,2018,254.13748,1194.5873
38203,2018,228.02892,1279.4581
38204,2018,221.29497,1050.4736
38205,2018,239.31808,1125.8406
38206,2018,221.01712,1043.8137
38207,2018,312.89755,1205.5056
38208,2018,540.50934,1388.4327
38209,2018,151.04454,475.66104
38210,2018,51.327343,144.29668
38211,2018,49.869312,141.20868
38212,2018,173.92978,637.8664
38213,2018,75.100494,238.7759
38214,2018,126.557465,425.0238
38242,2018,93.23317,431.19922
38312,2018,199.0653,947.34845
38314,2018,115.451385,550.39026
38315,2018,42.381382,155.84659
38316,2018,268.1889,92.504585
38319,2018,426.45404,782.52155
38352,2018,141.36229,768.00165
38364,2018,154.40126,858.45734
38391,2018,75.356346,313.3141
38394,2018,143.60226,699.92883
38402,2018,56.49856,228.88206
38418,2018,221.88156,864.56976
38422,2018,163.45245,682.9186
38428,2018,238.2598,989.13354
38432,2018,141.52351,262.24304
38434,2018,134.63313,589.63727
38437,2018,191.40799,806.1141
23505,2019,198.9215,1309.625
23506,2019,225.18985,1441.4579
23507,2019,280.94055,1335.81
23509,2019,127.042175,1138.9249
23510,2019,195.17387,1234.8938
23511,2019,275.71112,1304.5828
23512,2019,166.08093,1055.1022
23514,2019,166.08093,1055.1022
23522,2019,194.19318,1293.4879
23525,2019,315.72165,1158.3228
23527,2019,166.08093,1055.1022
23528,2019,277.64267,1225.5732
23530,2019,208.32513,1297.1869
23531,2019,166.08093,1055.1022
23532,2019,216.04636,1323.4917
23533,2019,216.04636,1323.4917
23534,2019,358.72852,1076.491
23536,2019,302.67477,1460.8882
23537,2019,194.19318,1293.4879
23562,2019,113.82672,762.50275
23563,2019,289.87854,1886.078
23564,2019,113.82672,762.50275
23565,2019,305.2961,1898.3348
23566,2019,286.44754,1792.2734
23567,2019,346.63406,2119.1077
23597,2019,93.7602,344.6407
23598,2019,137.86906,678.7895
23603,2019,157.52408,846.2308
38201,2019,208.98834,1256.316
38202,2019,203.30286,1165.344
38203,2019,169.40216,1239.2837
38204,2019,174.78514,997.9129
38205,2019,187.39589,1059.2083
38206,2019,170.4651,981.7849
38207,2019,253.58212,1151.6655
38208,2019,401.08026,1212.3892
38209,2019,167.3368,546.2625
38210,2019,51.340393,122.039345
38211,2019,50.73294,119.78568
38212,2019,175.75018,675.77686
38213,2019,88.893265,266.9018
38214,2019,124.707,413.42047
38242,2019,78.79724,369.24905
38312,2019,202.16191,843.76044
38314,2019,107.58165,487.58673
38315,2019,46.821365,131.62575
38316,2019,248.01991,80.81702
38319,2019,403.3963,771.61646
38352,2019,177.77182,944.1063
38364,2019,193.47903,1039.0817
38391,2019,68.76568,290.5001
38394,2019,154.65265,750.3146
38402,2019,52.333168,209.86795
38418,2019,229.16931,839.1398
38422,2019,194.01949,735.7574
38428,2019,182.12634,957.17786
38432,2019,134.29433,321.65793
38434,2019,114.67435,561.7454
38437,2019,184.66798,783.9948
